RBD,MRUN,AGNO_EGRESO,TIPO,PRIORITARIO_ALU,PREFERENTE_ALU,CRITERIO_SEP,BEN_SEP
8761,15373542,2004,joven,0,0,0,0
8761,16087094,2004,joven,0,0,0,0
8761,17771847,2004,joven,0,0,0,0
8761,24840134,2004,joven,0,0,0,0
8761,860925,2005,joven,0,0,0,0
8761,1191724,2005,joven,0,0,0,0
8761,1317120,2005,joven,0,0,0,0
8761,1412934,2005,joven,0,0,0,0
8761,1647349,2005,joven,0,0,0,0
8761,1736331,2005,joven,0,0,0,0
8761,2276051,2005,joven,0,0,0,0
8761,2387329,2005,joven,0,0,0,0
8761,2518617,2005,joven,0,0,0,0
8761,2727936,2005,joven,0,0,0,0
8761,2900735,2005,joven,0,0,0,0
8761,3150811,2005,joven,0,0,0,0
8761,3681803,2005,joven,0,0,0,0
8761,3683495,2005,joven,0,0,0,0
8761,4206438,2005,joven,0,0,0,0
8761,4467199,2005,joven,0,0,0,0
8761,4548073,2005,joven,0,0,0,0
8761,4873394,2005,joven,0,0,0,0
8761,5322941,2005,joven,0,0,0,0
8761,5706477,2005,joven,0,0,0,0
8761,6675865,2005,joven,0,0,0,0
8761,7084381,2005,joven,0,0,0,0
8761,7092019,2005,joven,0,0,0,0
8761,7366707,2005,joven,0,0,0,0
8761,7774414,2005,joven,0,0,0,0
8761,7800050,2005,joven,0,0,0,0
8761,8778415,2005,joven,0,0,0,0
8761,8949548,2005,joven,0,0,0,0
8761,8953281,2005,joven,0,0,0,0
8761,9063058,2005,joven,0,0,0,0
8761,10353306,2005,joven,0,0,0,0
8761,10525137,2005,joven,0,0,0,0
8761,10526017,2005,joven,0,0,0,0
8761,10667287,2005,joven,0,0,0,0
8761,10707873,2005,joven,0,0,0,0
8761,10925193,2005,joven,0,0,0,0
8761,11274748,2005,joven,0,0,0,0
8761,11793715,2005,joven,0,0,0,0
8761,11896918,2005,joven,0,0,0,0
8761,12614047,2005,joven,0,0,0,0
8761,12782941,2005,joven,0,0,0,0
8761,13687037,2005,joven,0,0,0,0
8761,13757147,2005,joven,0,0,0,0
8761,14363858,2005,joven,0,0,0,0
8761,14381335,2005,joven,0,0,0,0
8761,14709996,2005,joven,0,0,0,0
8761,14719576,2005,joven,0,0,0,0
8761,14722683,2005,joven,0,0,0,0
8761,15067954,2005,joven,0,0,0,0
8761,15962508,2005,joven,0,0,0,0
8761,15971234,2005,joven,0,0,0,0
8761,15976046,2005,joven,0,0,0,0
8761,16657440,2005,joven,0,0,0,0
8761,16707614,2005,joven,0,0,0,0
8761,16799458,2005,joven,0,0,0,0
8761,17137888,2005,joven,0,0,0,0
8761,17513435,2005,joven,0,0,0,0
8761,17554063,2005,joven,0,0,0,0
8761,17557272,2005,joven,0,0,0,0
8761,17967493,2005,joven,0,0,0,0
8761,18463979,2005,joven,0,0,0,0
8761,18516940,2005,joven,0,0,0,0
8761,18764280,2005,joven,0,0,0,0
8761,18800603,2005,joven,0,0,0,0
8761,19028494,2005,joven,0,0,0,0
8761,19054316,2005,joven,0,0,0,0
8761,19454273,2005,joven,0,0,0,0
8761,19487632,2005,joven,0,0,0,0
8761,19874266,2005,joven,0,0,0,0
8761,19918033,2005,joven,0,0,0,0
8761,20138771,2005,joven,0,0,0,0
8761,20210771,2005,joven,0,0,0,0
8761,20383078,2005,joven,0,0,0,0
8761,20666641,2005,joven,0,0,0,0
8761,20754375,2005,joven,0,0,0,0
8761,20788050,2005,joven,0,0,0,0
8761,20828452,2005,joven,0,0,0,0
8761,21667150,2005,joven,0,0,0,0
8761,21745568,2005,joven,0,0,0,0
8761,21761379,2005,joven,0,0,0,0
8761,22736845,2005,joven,0,0,0,0
8761,23023905,2005,joven,0,0,0,0
8761,23029058,2005,joven,0,0,0,0
8761,23135570,2005,joven,0,0,0,0
8761,23346159,2005,joven,0,0,0,0
8761,24055062,2005,joven,0,0,0,0
8761,24269689,2005,joven,0,0,0,0
8761,24349801,2005,joven,0,0,0,0
8761,24407706,2005,joven,0,0,0,0
8761,24832616,2005,joven,0,0,0,0
8761,3822,2006,joven,0,0,0,0
8761,633061,2006,joven,0,0,0,0
8761,978949,2006,joven,0,0,0,0
8761,1024478,2006,joven,0,0,0,0
8761,1549861,2006,joven,0,0,0,0
8761,1743142,2006,joven,0,0,0,0
8761,1758275,2006,joven,0,0,0,0
8761,1809677,2006,joven,0,0,0,0
8761,2099449,2006,joven,0,0,0,0
8761,2316682,2006,joven,0,0,0,0
8761,2415652,2006,joven,0,0,0,0
8761,2495069,2006,joven,0,0,0,0
8761,3728135,2006,joven,0,0,0,0
8761,4087684,2006,joven,0,0,0,0
8761,4385508,2006,joven,0,0,0,0
8761,4622201,2006,joven,0,0,0,0
8761,4672183,2006,joven,0,0,0,0
8761,5698790,2006,joven,0,0,0,0
8761,6019494,2006,joven,0,0,0,0
8761,6291028,2006,joven,0,0,0,0
8761,6311996,2006,joven,0,0,0,0
8761,6329318,2006,joven,0,0,0,0
8761,7099232,2006,joven,0,0,0,0
8761,7585977,2006,joven,0,0,0,0
8761,7634980,2006,joven,0,0,0,0
8761,9334590,2006,joven,0,0,0,0
8761,9430720,2006,joven,0,0,0,0
8761,9593970,2006,joven,0,0,0,0
8761,9663124,2006,joven,0,0,0,0
8761,10794542,2006,joven,0,0,0,0
8761,11131022,2006,joven,0,0,0,0
8761,11526911,2006,joven,0,0,0,0
8761,11942794,2006,joven,0,0,0,0
8761,12702037,2006,joven,0,0,0,0
8761,13696940,2006,joven,0,0,0,0
8761,13768955,2006,joven,0,0,0,0
8761,13833223,2006,joven,0,0,0,0
8761,14023639,2006,joven,0,0,0,0
8761,14293557,2006,joven,0,0,0,0
8761,14676837,2006,joven,0,0,0,0
8761,15331454,2006,joven,0,0,0,0
8761,15573731,2006,joven,0,0,0,0
8761,15799693,2006,joven,0,0,0,0
8761,16888031,2006,joven,0,0,0,0
8761,17105161,2006,joven,0,0,0,0
8761,17227826,2006,joven,0,0,0,0
8761,17428308,2006,joven,0,0,0,0
8761,17600486,2006,joven,0,0,0,0
8761,18534092,2006,joven,0,0,0,0
8761,18675098,2006,joven,0,0,0,0
8761,18781716,2006,joven,0,0,0,0
8761,18991734,2006,joven,0,0,0,0
8761,19053326,2006,joven,0,0,0,0
8761,19237568,2006,joven,0,0,0,0
8761,19292092,2006,joven,0,0,0,0
8761,19544077,2006,joven,0,0,0,0
8761,19711092,2006,joven,0,0,0,0
8761,19932932,2006,joven,0,0,0,0
8761,20516002,2006,joven,0,0,0,0
8761,20818750,2006,joven,0,0,0,0
8761,21089048,2006,joven,0,0,0,0
8761,21259031,2006,joven,0,0,0,0
8761,21588175,2006,joven,0,0,0,0
8761,22364318,2006,joven,0,0,0,0
8761,22707300,2006,joven,0,0,0,0
8761,22843958,2006,joven,0,0,0,0
8761,23136969,2006,joven,0,0,0,0
8761,23273737,2006,joven,0,0,0,0
8761,23486848,2006,joven,0,0,0,0
8761,23547387,2006,joven,0,0,0,0
8761,23781491,2006,joven,0,0,0,0
8761,23945771,2006,joven,0,0,0,0
8761,23972853,2006,joven,0,0,0,0
8761,24161173,2006,joven,0,0,0,0
8761,24728925,2006,joven,0,0,0,0
8761,962606,2007,joven,0,0,0,0
8761,1118840,2007,joven,0,0,0,0
8761,1243240,2007,joven,0,0,0,0
8761,1383417,2007,joven,0,0,0,0
8761,1760411,2007,joven,0,0,0,0
8761,2187314,2007,joven,0,0,0,0
8761,2203823,2007,joven,0,0,0,0
8761,2364122,2007,joven,0,0,0,0
8761,2737788,2007,joven,0,0,0,0
8761,3198019,2007,joven,0,0,0,0
8761,3511282,2007,joven,0,0,0,0
8761,3619391,2007,joven,0,0,0,0
8761,4089074,2007,joven,0,0,0,0
8761,4140906,2007,joven,0,0,0,0
8761,4166043,2007,joven,0,0,0,0
8761,4426608,2007,joven,0,0,0,0
8761,4472238,2007,joven,0,0,0,0
8761,4514227,2007,joven,0,0,0,0
8761,4853463,2007,joven,0,0,0,0
8761,4924882,2007,joven,0,0,0,0
8761,6809852,2007,joven,0,0,0,0
8761,6952441,2007,joven,0,0,0,0
8761,7158533,2007,joven,0,0,0,0
8761,7168714,2007,joven,0,0,0,0
8761,7321596,2007,joven,0,0,0,0
8761,7515326,2007,joven,0,0,0,0
8761,7958890,2007,joven,0,0,0,0
8761,8103589,2007,joven,0,0,0,0
8761,8132164,2007,joven,0,0,0,0
8761,8266366,2007,joven,0,0,0,0
8761,8283742,2007,joven,0,0,0,0
8761,8348024,2007,joven,0,0,0,0
8761,8472773,2007,joven,0,0,0,0
8761,8528749,2007,joven,0,0,0,0
8761,9380270,2007,joven,0,0,0,0
8761,9583862,2007,joven,0,0,0,0
8761,10090649,2007,joven,0,0,0,0
8761,11369343,2007,joven,0,0,0,0
8761,11825009,2007,joven,0,0,0,0
8761,12355974,2007,joven,0,0,0,0
8761,12526995,2007,joven,0,0,0,0
8761,12584427,2007,joven,0,0,0,0
8761,13143791,2007,joven,0,0,0,0
8761,13196760,2007,joven,0,0,0,0
8761,15438007,2007,joven,0,0,0,0
8761,15471569,2007,joven,0,0,0,0
8761,15967213,2007,joven,0,0,0,0
8761,16159980,2007,joven,0,0,0,0
8761,16248843,2007,joven,0,0,0,0
8761,16482972,2007,joven,0,0,0,0
8761,17569368,2007,joven,0,0,0,0
8761,18305356,2007,joven,0,0,0,0
8761,18307524,2007,joven,0,0,0,0
8761,18341775,2007,joven,0,0,0,0
8761,18708440,2007,joven,0,0,0,0
8761,18749983,2007,joven,0,0,0,0
8761,19339879,2007,joven,0,0,0,0
8761,19693433,2007,joven,0,0,0,0
8761,19772113,2007,joven,0,0,0,0
8761,19936186,2007,joven,0,0,0,0
8761,20655010,2007,joven,0,0,0,0
8761,20807136,2007,joven,0,0,0,0
8761,21065277,2007,joven,0,0,0,0
8761,21233180,2007,joven,0,0,0,0
8761,21595957,2007,joven,0,0,0,0
8761,21725752,2007,joven,0,0,0,0
8761,21728066,2007,joven,0,0,0,0
8761,22275889,2007,joven,0,0,0,0
8761,23105523,2007,joven,0,0,0,0
8761,23245852,2007,joven,0,0,0,0
8761,23381843,2007,joven,0,0,0,0
8761,24144042,2007,joven,0,0,0,0
8761,24286352,2007,joven,0,0,0,0
8761,24521630,2007,joven,0,0,0,0
8761,50453,2008,joven,0,0,0,0
8761,91547,2008,joven,0,0,0,0
8761,104611,2008,joven,0,0,0,0
8761,243536,2008,joven,0,0,0,0
8761,442544,2008,joven,0,0,0,0
8761,530287,2008,joven,0,0,0,0
8761,1054458,2008,joven,0,0,0,0
8761,1153113,2008,joven,0,0,0,0
8761,1445973,2008,joven,0,0,0,0
8761,1703109,2008,joven,0,0,0,0
8761,1788392,2008,joven,0,0,0,0
8761,2793363,2008,joven,0,0,0,0
8761,2828546,2008,joven,0,0,0,0
8761,2885738,2008,joven,0,0,0,0
8761,3018731,2008,joven,0,0,0,0
8761,3136285,2008,joven,0,0,0,0
8761,3262686,2008,joven,0,0,0,0
8761,4434686,2008,joven,0,0,0,0
8761,4965906,2008,joven,0,0,0,0
8761,5679898,2008,joven,0,0,0,0
8761,6356692,2008,joven,0,0,0,0
8761,6999632,2008,joven,0,0,0,0
8761,7225878,2008,joven,0,0,0,0
8761,7396864,2008,joven,0,0,0,0
8761,7442183,2008,joven,0,0,0,0
8761,7651101,2008,joven,0,0,0,0
8761,8074839,2008,joven,0,0,0,0
8761,8551188,2008,joven,0,0,0,0
8761,8738898,2008,joven,0,0,0,0
8761,8748638,2008,joven,0,0,0,0
8761,8867873,2008,joven,0,0,0,0
8761,9038855,2008,joven,0,0,0,0
8761,9263697,2008,joven,0,0,0,0
8761,9466278,2008,joven,0,0,0,0
8761,9990374,2008,joven,0,0,0,0
8761,10236860,2008,joven,0,0,0,0
8761,10265323,2008,joven,0,0,0,0
8761,10321393,2008,joven,0,0,0,0
8761,10928339,2008,joven,0,0,0,0
8761,11088985,2008,joven,0,0,0,0
8761,11302879,2008,joven,0,0,0,0
8761,11447350,2008,joven,0,0,0,0
8761,11961832,2008,joven,0,0,0,0
8761,12387186,2008,joven,0,0,0,0
8761,12436587,2008,joven,0,0,0,0
8761,12697670,2008,joven,0,0,0,0
8761,12881176,2008,joven,0,0,0,0
8761,14280096,2008,joven,0,0,0,0
8761,14853213,2008,joven,0,0,0,0
8761,15179808,2008,joven,0,0,0,0
8761,15288463,2008,joven,0,0,0,0
8761,15370716,2008,joven,0,0,0,0
8761,15903031,2008,joven,0,0,0,0
8761,16094365,2008,joven,0,0,0,0
8761,17001723,2008,joven,0,0,0,0
8761,17090441,2008,joven,0,0,0,0
8761,17112925,2008,joven,0,0,0,0
8761,17159506,2008,joven,0,0,0,0
8761,17160334,2008,joven,0,0,0,0
8761,17249190,2008,joven,0,0,0,0
8761,17594648,2008,joven,0,0,0,0
8761,17642208,2008,joven,0,0,0,0
8761,17954863,2008,joven,0,0,0,0
8761,18360976,2008,joven,0,0,0,0
8761,18376875,2008,joven,0,0,0,0
8761,18669674,2008,joven,0,0,0,0
8761,18850892,2008,joven,0,0,0,0
8761,18931576,2008,joven,0,0,0,0
8761,18932565,2008,joven,0,0,0,0
8761,19367282,2008,joven,0,0,0,0
8761,19401196,2008,joven,0,0,0,0
8761,20105775,2008,joven,0,0,0,0
8761,20225660,2008,joven,0,0,0,0
8761,20292005,2008,joven,0,0,0,0
8761,20348381,2008,joven,0,0,0,0
8761,20847222,2008,joven,0,0,0,0
8761,20908462,2008,joven,0,0,0,0
8761,20950756,2008,joven,0,0,0,0
8761,21023768,2008,joven,0,0,0,0
8761,21519405,2008,joven,0,0,0,0
8761,22038698,2008,joven,0,0,0,0
8761,22180207,2008,joven,0,0,0,0
8761,22366190,2008,joven,0,0,0,0
8761,22513550,2008,joven,0,0,0,0
8761,22521742,2008,joven,0,0,0,0
8761,22847618,2008,joven,0,0,0,0
8761,23458036,2008,joven,0,0,0,0
8761,23459294,2008,joven,0,0,0,0
8761,23773745,2008,joven,0,0,0,0
8761,23967859,2008,joven,0,0,0,0
8761,24069339,2008,joven,0,0,0,0
8761,24424764,2008,joven,0,0,0,0
8761,24478660,2008,joven,0,0,0,0
8761,335899,2009,joven,0,0,0,0
8761,351925,2009,joven,0,0,0,0
8761,635310,2009,joven,0,0,0,0
8761,830287,2009,joven,0,0,0,0
8761,1021823,2009,joven,0,0,0,0
8761,1335786,2009,joven,0,0,0,0
8761,2471649,2009,joven,0,0,0,0
8761,2816970,2009,joven,0,0,0,0
8761,2959761,2009,joven,0,0,0,0
8761,2987510,2009,joven,0,0,0,0
8761,3038728,2009,joven,0,0,0,0
8761,3061713,2009,joven,0,0,0,0
8761,3289709,2009,joven,0,0,0,0
8761,3369694,2009,joven,0,0,0,0
8761,3789766,2009,joven,0,0,0,0
8761,4051169,2009,joven,0,0,0,0
8761,4939550,2009,joven,0,0,0,0
8761,4968326,2009,joven,0,0,0,0
8761,5413909,2009,joven,0,0,0,0
8761,5859167,2009,joven,0,0,0,0
8761,5992670,2009,joven,0,0,0,0
8761,6380250,2009,joven,0,0,0,0
8761,7044527,2009,joven,0,0,0,0
8761,7362368,2009,joven,0,0,0,0
8761,7513815,2009,joven,0,0,0,0
8761,7543203,2009,joven,0,0,0,0
8761,8224199,2009,joven,0,0,0,0
8761,8560541,2009,joven,0,0,0,0
8761,8883119,2009,joven,0,0,0,0
8761,9546536,2009,joven,0,0,0,0
8761,9933046,2009,joven,0,0,0,0
8761,10251811,2009,joven,0,0,0,0
8761,10324755,2009,joven,0,0,0,0
8761,10650168,2009,joven,0,0,0,0
8761,10665514,2009,joven,0,0,0,0
8761,10687286,2009,joven,0,0,0,0
8761,10841609,2009,joven,0,0,0,0
8761,10841610,2009,joven,0,0,0,0
8761,11133139,2009,joven,0,0,0,0
8761,11332917,2009,joven,0,0,0,0
8761,11949272,2009,joven,0,0,0,0
8761,12675069,2009,joven,0,0,0,0
8761,12914949,2009,joven,0,0,0,0
8761,13127362,2009,joven,0,0,0,0
8761,13337209,2009,joven,0,0,0,0
8761,13507466,2009,joven,0,0,0,0
8761,13525360,2009,joven,0,0,0,0
8761,14616715,2009,joven,0,0,0,0
8761,14880781,2009,joven,0,0,0,0
8761,14978072,2009,joven,0,0,0,0
8761,15138067,2009,joven,0,0,0,0
8761,15539698,2009,joven,0,0,0,0
8761,15989837,2009,joven,0,0,0,0
8761,16830909,2009,joven,0,0,0,0
8761,17734860,2009,joven,0,0,0,0
8761,18136229,2009,joven,0,0,0,0
8761,19002362,2009,joven,0,0,0,0
8761,19275801,2009,joven,0,0,0,0
8761,19591759,2009,joven,0,0,0,0
8761,19601981,2009,joven,0,0,0,0
8761,20139318,2009,joven,0,0,0,0
8761,20204997,2009,joven,0,0,0,0
8761,20294707,2009,joven,0,0,0,0
8761,20516264,2009,joven,0,0,0,0
8761,20609638,2009,joven,0,0,0,0
8761,20675753,2009,joven,0,0,0,0
8761,20815305,2009,joven,0,0,0,0
8761,20914544,2009,joven,0,0,0,0
8761,21110833,2009,joven,0,0,0,0
8761,21144502,2009,joven,0,0,0,0
8761,21449812,2009,joven,0,0,0,0
8761,21855070,2009,joven,0,0,0,0
8761,22563099,2009,joven,0,0,0,0
8761,22907867,2009,joven,0,0,0,0
8761,22926553,2009,joven,0,0,0,0
8761,22991672,2009,joven,0,0,0,0
8761,23056546,2009,joven,0,0,0,0
8761,24199215,2009,joven,0,0,0,0
8761,24498930,2009,joven,0,0,0,0
8761,24508104,2009,joven,0,0,0,0
8761,24901627,2009,joven,0,0,0,0
8761,24982617,2009,joven,0,0,0,0
8761,262173,2010,joven,0,0,0,0
8761,286109,2010,joven,0,0,0,0
8761,397741,2010,joven,0,0,0,0
8761,590815,2010,joven,0,0,0,0
8761,774248,2010,joven,0,0,0,0
8761,1074310,2010,joven,0,0,0,0
8761,1491279,2010,joven,0,0,0,0
8761,1685981,2010,joven,0,0,0,0
8761,1763132,2010,joven,0,0,0,0
8761,1806822,2010,joven,0,0,0,0
8761,1964229,2010,joven,0,0,0,0
8761,2164556,2010,joven,0,0,0,0
8761,2316344,2010,joven,0,0,0,0
8761,2514137,2010,joven,0,0,0,0
8761,2934020,2010,joven,0,0,0,0
8761,2958520,2010,joven,0,0,0,0
8761,3314474,2010,joven,0,0,0,0
8761,3423381,2010,joven,0,0,0,0
8761,4408644,2010,joven,0,0,0,0
8761,4748682,2010,joven,0,0,0,0
8761,4784457,2010,joven,0,0,0,0
8761,4811750,2010,joven,0,0,0,0
8761,4996525,2010,joven,0,0,0,0
8761,5126059,2010,joven,0,0,0,0
8761,5239235,2010,joven,0,0,0,0
8761,5407264,2010,joven,0,0,0,0
8761,5809062,2010,joven,0,0,0,0
8761,6011475,2010,joven,0,0,0,0
8761,6011589,2010,joven,0,0,0,0
8761,6257474,2010,joven,0,0,0,0
8761,6328139,2010,joven,0,0,0,0
8761,6646652,2010,joven,0,0,0,0
8761,6889126,2010,joven,0,0,0,0
8761,7119280,2010,joven,0,0,0,0
8761,7381151,2010,joven,0,0,0,0
8761,7422815,2010,joven,0,0,0,0
8761,7975755,2010,joven,0,0,0,0
8761,8251482,2010,joven,0,0,0,0
8761,8460276,2010,joven,0,0,0,0
8761,8595525,2010,joven,0,0,0,0
8761,8663846,2010,joven,0,0,0,0
8761,8777076,2010,joven,0,0,0,0
8761,8835815,2010,joven,0,0,0,0
8761,9079680,2010,joven,0,0,0,0
8761,9833761,2010,joven,0,0,0,0
8761,9972994,2010,joven,0,0,0,0
8761,10033164,2010,joven,0,0,0,0
8761,10300038,2010,joven,0,0,0,0
8761,10542068,2010,joven,0,0,0,0
8761,10754592,2010,joven,0,0,0,0
8761,10903036,2010,joven,0,0,0,0
8761,11364038,2010,joven,0,0,0,0
8761,11623058,2010,joven,0,0,0,0
8761,12975406,2010,joven,0,0,0,0
8761,13141718,2010,joven,0,0,0,0
8761,13252010,2010,joven,0,0,0,0
8761,13285889,2010,joven,0,0,0,0
8761,13326226,2010,joven,0,0,0,0
8761,13551838,2010,joven,0,0,0,0
8761,13863429,2010,joven,0,0,0,0
8761,14135016,2010,joven,0,0,0,0
8761,14223078,2010,joven,0,0,0,0
8761,14397753,2010,joven,0,0,0,0
8761,14503778,2010,joven,0,0,0,0
8761,14514783,2010,joven,0,0,0,0
8761,14638092,2010,joven,0,0,0,0
8761,14662833,2010,joven,0,0,0,0
8761,14857791,2010,joven,0,0,0,0
8761,15153111,2010,joven,0,0,0,0
8761,15395034,2010,joven,0,0,0,0
8761,15592160,2010,joven,0,0,0,0
8761,15899584,2010,joven,0,0,0,0
8761,16072816,2010,joven,0,0,0,0
8761,16264536,2010,joven,0,0,0,0
8761,16555284,2010,joven,0,0,0,0
8761,17000545,2010,joven,0,0,0,0
8761,17042699,2010,joven,0,0,0,0
8761,17080281,2010,joven,0,0,0,0
8761,17163490,2010,joven,0,0,0,0
8761,17272835,2010,joven,0,0,0,0
8761,17520650,2010,joven,0,0,0,0
8761,17664362,2010,joven,0,0,0,0
8761,18083386,2010,joven,0,0,0,0
8761,18268580,2010,joven,0,0,0,0
8761,18277672,2010,joven,0,0,0,0
8761,18569587,2010,joven,0,0,0,0
8761,18579832,2010,joven,0,0,0,0
8761,18620587,2010,joven,0,0,0,0
8761,18740230,2010,joven,0,0,0,0
8761,19077624,2010,joven,0,0,0,0
8761,19092609,2010,joven,0,0,0,0
8761,19397726,2010,joven,0,0,0,0
8761,19446805,2010,joven,0,0,0,0
8761,20302673,2010,joven,0,0,0,0
8761,20446132,2010,joven,0,0,0,0
8761,20467480,2010,joven,0,0,0,0
8761,20799976,2010,joven,0,0,0,0
8761,20850426,2010,joven,0,0,0,0
8761,21052917,2010,joven,0,0,0,0
8761,21156140,2010,joven,0,0,0,0
8761,21172220,2010,joven,0,0,0,0
8761,21258166,2010,joven,0,0,0,0
8761,21511027,2010,joven,0,0,0,0
8761,21672439,2010,joven,0,0,0,0
8761,21906006,2010,joven,0,0,0,0
8761,22106225,2010,joven,0,0,0,0
8761,22162379,2010,joven,0,0,0,0
8761,22175292,2010,joven,0,0,0,0
8761,22512645,2010,joven,0,0,0,0
8761,22579317,2010,joven,0,0,0,0
8761,22935640,2010,joven,0,0,0,0
8761,22996323,2010,joven,0,0,0,0
8761,23211034,2010,joven,0,0,0,0
8761,23445601,2010,joven,0,0,0,0
8761,23446187,2010,joven,0,0,0,0
8761,23459794,2010,joven,0,0,0,0
8761,23694872,2010,joven,0,0,0,0
8761,23917803,2010,joven,0,0,0,0
8761,24016592,2010,joven,0,0,0,0
8761,24178702,2010,joven,0,0,0,0
8761,24240303,2010,joven,0,0,0,0
8761,24505487,2010,joven,0,0,0,0
8761,6215,2011,joven,0,0,0,0
8761,330454,2011,joven,0,0,0,0
8761,690381,2011,joven,0,0,0,0
8761,1350493,2011,joven,0,0,0,0
8761,1447484,2011,joven,0,0,0,0
8761,1625082,2011,joven,0,0,0,0
8761,1626943,2011,joven,0,0,0,0
8761,1962554,2011,joven,0,0,0,0
8761,2088828,2011,joven,0,0,0,0
8761,3119822,2011,joven,0,0,0,0
8761,3189854,2011,joven,0,0,0,0
8761,3977103,2011,joven,0,0,0,0
8761,4209343,2011,joven,0,0,0,0
8761,4266639,2011,joven,0,0,0,0
8761,4535723,2011,joven,0,0,0,0
8761,4541013,2011,joven,0,0,0,0
8761,4542490,2011,joven,0,0,0,0
8761,4712872,2011,joven,0,0,0,0
8761,4834815,2011,joven,0,0,0,0
8761,4913534,2011,joven,0,0,0,0
8761,4996932,2011,joven,0,0,0,0
8761,5101141,2011,joven,0,0,0,0
8761,5220049,2011,joven,0,0,0,0
8761,5831660,2011,joven,0,0,0,0
8761,5970601,2011,joven,0,0,0,0
8761,6389935,2011,joven,0,0,0,0
8761,6635506,2011,joven,0,0,0,0
8761,6690854,2011,joven,0,0,0,0
8761,7231526,2011,joven,0,0,0,0
8761,7708386,2011,joven,0,0,0,0
8761,7719286,2011,joven,0,0,0,0
8761,7785995,2011,joven,0,0,0,0
8761,7863589,2011,joven,0,0,0,0
8761,8046926,2011,joven,0,0,0,0
8761,8232490,2011,joven,0,0,0,0
8761,8437224,2011,joven,0,0,0,0
8761,8495554,2011,joven,0,0,0,0
8761,8647568,2011,joven,0,0,0,0
8761,8815674,2011,joven,0,0,0,0
8761,9294213,2011,joven,0,0,0,0
8761,9507187,2011,joven,0,0,0,0
8761,9534276,2011,joven,0,0,0,0
8761,9686966,2011,joven,0,0,0,0
8761,10079674,2011,joven,0,0,0,0
8761,10109367,2011,joven,0,0,0,0
8761,10799991,2011,joven,0,0,0,0
8761,12570930,2011,joven,0,0,0,0
8761,12670131,2011,joven,0,0,0,0
8761,12699352,2011,joven,0,0,0,0
8761,13164370,2011,joven,0,0,0,0
8761,13172372,2011,joven,0,0,0,0
8761,13357921,2011,joven,0,0,0,0
8761,14014049,2011,joven,0,0,0,0
8761,14143234,2011,joven,0,0,0,0
8761,14182994,2011,joven,0,0,0,0
8761,14520975,2011,joven,0,0,0,0
8761,14819279,2011,joven,0,0,0,0
8761,15168789,2011,joven,0,0,0,0
8761,15196680,2011,joven,0,0,0,0
8761,15297431,2011,joven,0,0,0,0
8761,15506535,2011,joven,0,0,0,0
8761,15729701,2011,joven,0,0,0,0
8761,15765622,2011,joven,0,0,0,0
8761,15885077,2011,joven,0,0,0,0
8761,15944138,2011,joven,0,0,0,0
8761,15947842,2011,joven,0,0,0,0
8761,15968985,2011,joven,0,0,0,0
8761,15973112,2011,joven,0,0,0,0
8761,16011351,2011,joven,0,0,0,0
8761,16597138,2011,joven,0,0,0,0
8761,16752475,2011,joven,0,0,0,0
8761,16956830,2011,joven,0,0,0,0
8761,17025534,2011,joven,0,0,0,0
8761,17090356,2011,joven,0,0,0,0
8761,17375758,2011,joven,0,0,0,0
8761,17840985,2011,joven,0,0,0,0
8761,17861446,2011,joven,0,0,0,0
8761,18256365,2011,joven,0,0,0,0
8761,19311337,2011,joven,0,0,0,0
8761,19511559,2011,joven,0,0,0,0
8761,19762700,2011,joven,0,0,0,0
8761,20549852,2011,joven,0,0,0,0
8761,20815330,2011,joven,0,0,0,0
8761,21160163,2011,joven,0,0,0,0
8761,21252037,2011,joven,0,0,0,0
8761,21312704,2011,joven,0,0,0,0
8761,22092862,2011,joven,0,0,0,0
8761,22262437,2011,joven,0,0,0,0
8761,22440321,2011,joven,0,0,0,0
8761,22611787,2011,joven,0,0,0,0
8761,23016742,2011,joven,0,0,0,0
8761,23205054,2011,joven,0,0,0,0
8761,23261589,2011,joven,0,0,0,0
8761,23693703,2011,joven,0,0,0,0
8761,23741100,2011,joven,0,0,0,0
8761,24073558,2011,joven,0,0,0,0
8761,24291493,2011,joven,0,0,0,0
8761,24563113,2011,joven,0,0,0,0
8761,24580574,2011,joven,0,0,0,0
8761,24611809,2011,joven,0,0,0,0
8761,24889196,2011,joven,0,0,0,0
8761,24891384,2011,joven,0,0,0,0
8761,535641,2012,joven,0,0,0,0
8761,574368,2012,joven,0,0,0,0
8761,1466113,2012,joven,0,0,0,0
8761,1600755,2012,joven,0,0,0,0
8761,1725256,2012,joven,0,0,0,0
8761,1865513,2012,joven,0,0,0,0
8761,1928904,2012,joven,0,0,0,0
8761,2948395,2012,joven,0,0,0,0
8761,3593376,2012,joven,0,0,0,0
8761,3664851,2012,joven,0,0,0,0
8761,3899385,2012,joven,0,0,0,0
8761,4064935,2012,joven,0,0,0,0
8761,4214680,2012,joven,0,0,0,0
8761,4323395,2012,joven,0,0,0,0
8761,4720815,2012,joven,0,0,0,0
8761,4731390,2012,joven,0,0,0,0
8761,5376650,2012,joven,0,0,0,0
8761,6219280,2012,joven,0,0,0,0
8761,6269006,2012,joven,0,0,0,0
8761,6484226,2012,joven,0,0,0,0
8761,6820706,2012,joven,0,0,0,0
8761,7286040,2012,joven,0,0,0,0
8761,7298718,2012,joven,0,0,0,0
8761,7377186,2012,joven,0,0,0,0
8761,8065672,2012,joven,0,0,0,0
8761,8285503,2012,joven,0,0,0,0
8761,9046805,2012,joven,0,0,0,0
8761,9046806,2012,joven,0,0,0,0
8761,9292319,2012,joven,0,0,0,0
8761,9358858,2012,joven,0,0,0,0
8761,9615077,2012,joven,0,0,0,0
8761,9825276,2012,joven,0,0,0,0
8761,10397857,2012,joven,0,0,0,0
8761,10445109,2012,joven,0,0,0,0
8761,10646192,2012,joven,0,0,0,0
8761,10835078,2012,joven,0,0,0,0
8761,10909399,2012,joven,0,0,0,0
8761,12305966,2012,joven,0,0,0,0
8761,12710040,2012,joven,0,0,2,0
8761,12936388,2012,joven,0,0,0,0
8761,13184695,2012,joven,0,0,0,0
8761,13321621,2012,joven,0,0,0,0
8761,13322687,2012,joven,0,0,0,0
8761,14050485,2012,joven,0,0,0,0
8761,14159279,2012,joven,0,0,0,0
8761,14534311,2012,joven,0,0,0,0
8761,14602517,2012,joven,0,0,0,0
8761,14628099,2012,joven,0,0,0,0
8761,14786914,2012,joven,0,0,0,0
8761,15810271,2012,joven,0,0,0,0
8761,16059284,2012,joven,0,0,0,0
8761,16062818,2012,joven,0,0,0,0
8761,16140776,2012,joven,0,0,0,0
8761,16218406,2012,joven,0,0,0,0
8761,16414715,2012,joven,0,0,0,0
8761,16950994,2012,joven,0,0,0,0
8761,16989717,2012,joven,0,0,0,0
8761,17167661,2012,joven,0,0,0,0
8761,17750880,2012,joven,0,0,0,0
8761,17788706,2012,joven,0,0,0,0
8761,17998221,2012,joven,0,0,0,0
8761,18124439,2012,joven,0,0,0,0
8761,18177464,2012,joven,0,0,0,0
8761,18340990,2012,joven,0,0,0,0
8761,19224709,2012,joven,0,0,0,0
8761,19727880,2012,joven,0,0,0,0
8761,20143656,2012,joven,0,0,0,0
8761,20775321,2012,joven,0,0,0,0
8761,20955241,2012,joven,0,0,0,0
8761,20986047,2012,joven,0,0,0,0
8761,21131279,2012,joven,0,0,0,0
8761,22782239,2012,joven,0,0,0,0
8761,23027266,2012,joven,0,0,0,0
8761,23239153,2012,joven,0,0,0,0
8761,23478249,2012,joven,0,0,0,0
8761,23495787,2012,joven,0,0,0,0
8761,23518917,2012,joven,0,0,0,0
8761,23876078,2012,joven,0,0,0,0
8761,24680001,2012,joven,0,0,0,0
8761,24737132,2012,joven,0,0,0,0
8761,76209,2013,joven,0,0,0,0
8761,390529,2013,joven,0,0,0,0
8761,446360,2013,joven,0,0,0,0
8761,1117116,2013,joven,0,0,0,0
8761,1146460,2013,joven,0,0,0,0
8761,2441074,2013,joven,0,0,0,0
8761,2779111,2013,joven,0,0,0,0
8761,2798642,2013,joven,0,0,0,0
8761,3072306,2013,joven,0,0,0,0
8761,3095163,2013,joven,0,0,0,0
8761,3321337,2013,joven,0,0,0,0
8761,3333580,2013,joven,0,0,0,0
8761,3817538,2013,joven,0,0,0,0
8761,5050486,2013,joven,0,0,0,0
8761,5190135,2013,joven,0,0,0,0
8761,5200132,2013,joven,0,0,0,0
8761,5429831,2013,joven,0,0,0,0
8761,5690319,2013,joven,0,0,0,0
8761,5691558,2013,joven,0,0,0,0
8761,6012803,2013,joven,0,0,0,0
8761,6550249,2013,joven,0,0,0,0
8761,6573400,2013,joven,0,0,0,0
8761,6921727,2013,joven,0,0,0,0
8761,7176446,2013,joven,0,0,0,0
8761,7496095,2013,joven,0,0,0,0
8761,7528284,2013,joven,0,0,0,0
8761,7545705,2013,joven,0,0,0,0
8761,7883355,2013,joven,0,0,0,0
8761,7983395,2013,joven,0,0,0,0
8761,8260268,2013,joven,0,0,0,0
8761,8327716,2013,joven,0,0,0,0
8761,8534694,2013,joven,0,0,0,0
8761,8558807,2013,joven,0,0,0,0
8761,8765833,2013,joven,0,0,0,0
8761,8819527,2013,joven,0,0,0,0
8761,9426188,2013,joven,0,0,0,0
8761,9541256,2013,joven,0,0,0,0
8761,10164210,2013,joven,0,0,0,0
8761,10365600,2013,joven,0,0,0,0
8761,10401823,2013,joven,0,0,0,0
8761,10407123,2013,joven,0,0,0,0
8761,10635199,2013,joven,0,0,0,0
8761,10775677,2013,joven,0,0,0,0
8761,10793408,2013,joven,0,0,0,0
8761,10797588,2013,joven,0,0,0,0
8761,10889983,2013,joven,0,0,0,0
8761,11140148,2013,joven,0,0,0,0
8761,11157402,2013,joven,0,0,0,0
8761,11207022,2013,joven,0,0,0,0
8761,11332610,2013,joven,0,0,0,0
8761,11508412,2013,joven,0,0,0,0
8761,11515441,2013,joven,0,0,0,0
8761,11563785,2013,joven,0,0,0,0
8761,12544605,2013,joven,0,0,0,0
8761,12589443,2013,joven,0,0,0,0
8761,12742907,2013,joven,0,0,0,0
8761,12879371,2013,joven,0,0,0,0
8761,13308898,2013,joven,0,0,0,0
8761,13483082,2013,joven,0,0,0,0
8761,13568875,2013,joven,0,0,0,0
8761,13772052,2013,joven,0,0,0,0
8761,13807113,2013,joven,0,0,0,0
8761,14180434,2013,joven,0,0,0,0
8761,14281177,2013,joven,0,0,0,0
8761,14775653,2013,joven,0,0,0,0
8761,14916599,2013,joven,0,0,0,0
8761,14927526,2013,joven,0,0,0,0
8761,15493322,2013,joven,0,0,0,0
8761,15682763,2013,joven,0,0,0,0
8761,16306138,2013,joven,0,0,0,0
8761,16458739,2013,joven,0,0,0,0
8761,16708169,2013,joven,0,0,0,0
8761,16750746,2013,joven,0,0,0,0
8761,16885304,2013,joven,0,0,0,0
8761,16926073,2013,joven,0,0,0,0
8761,16976027,2013,joven,0,0,0,0
8761,17024577,2013,joven,0,0,0,0
8761,17083856,2013,joven,0,0,0,0
8761,17946754,2013,joven,0,0,0,0
8761,18128142,2013,joven,0,0,0,0
8761,18511912,2013,joven,0,0,0,0
8761,18844213,2013,joven,0,0,0,0
8761,19301782,2013,joven,0,0,0,0
8761,19328921,2013,joven,0,0,0,0
8761,19609129,2013,joven,0,0,0,0
8761,19810706,2013,joven,0,0,0,0
8761,19848483,2013,joven,0,0,0,0
8761,19994626,2013,joven,0,0,0,0
8761,20068145,2013,joven,0,0,0,0
8761,20079158,2013,joven,0,0,0,0
8761,20804849,2013,joven,0,0,0,0
8761,20859254,2013,joven,0,0,0,0
8761,20923768,2013,joven,0,0,0,0
8761,20981817,2013,joven,0,0,0,0
8761,21109057,2013,joven,0,0,0,0
8761,21393713,2013,joven,0,0,0,0
8761,21469979,2013,joven,0,0,0,0
8761,21598454,2013,joven,0,0,0,0
8761,21803100,2013,joven,0,0,0,0
8761,22481065,2013,joven,0,0,0,0
8761,22833766,2013,joven,0,0,0,0
8761,22885207,2013,joven,0,0,0,0
8761,23231228,2013,joven,0,0,0,0
8761,23239916,2013,joven,0,0,0,0
8761,23285270,2013,joven,0,0,0,0
8761,23875523,2013,joven,0,0,0,0
8761,23945927,2013,joven,0,0,0,0
8761,24514991,2013,joven,0,0,0,0
8761,24803301,2013,joven,0,0,0,0
8761,24841624,2013,joven,0,0,0,0
8761,211443,2014,joven,0,0,0,0
8761,239756,2014,joven,0,0,0,0
8761,936301,2014,joven,0,0,0,0
8761,1137871,2014,joven,0,0,0,0
8761,1265489,2014,joven,0,0,0,0
8761,1639774,2014,joven,0,0,0,0
8761,2174650,2014,joven,0,0,0,0
8761,3239514,2014,joven,0,0,0,0
8761,3509029,2014,joven,0,0,0,0
8761,3746424,2014,joven,0,0,0,0
8761,5104271,2014,joven,0,0,0,0
8761,5832834,2014,joven,0,0,0,0
8761,5974021,2014,joven,0,0,0,0
8761,5997905,2014,joven,0,0,0,0
8761,6515286,2014,joven,0,0,0,0
8761,6564002,2014,joven,0,0,0,0
8761,6575396,2014,joven,0,0,0,0
8761,6915198,2014,joven,0,0,0,0
8761,6936132,2014,joven,0,0,0,0
8761,7034761,2014,joven,0,0,0,0
8761,7110831,2014,joven,0,0,0,0
8761,7306906,2014,joven,0,0,0,0
8761,7491584,2014,joven,0,0,0,0
8761,8169636,2014,joven,0,0,0,0
8761,8248870,2014,joven,0,0,0,0
8761,8453153,2014,joven,0,0,0,0
8761,8491369,2014,joven,0,0,0,0
8761,8668221,2014,joven,0,0,0,0
8761,9130091,2014,joven,0,0,0,0
8761,9580134,2014,joven,0,0,0,0
8761,10599212,2014,joven,0,0,0,0
8761,10716446,2014,joven,0,0,2,0
8761,10729020,2014,joven,0,0,0,0
8761,11484341,2014,joven,0,0,0,0
8761,11923254,2014,joven,0,0,0,0
8761,12146658,2014,joven,0,0,0,0
8761,12416771,2014,joven,0,0,0,0
8761,13135773,2014,joven,0,0,0,0
8761,13320533,2014,joven,0,0,0,0
8761,14148935,2014,joven,0,0,0,0
8761,14200919,2014,joven,0,0,0,0
8761,14226077,2014,joven,0,0,0,0
8761,14373487,2014,joven,0,0,0,0
8761,14388575,2014,joven,0,0,0,0
8761,14405012,2014,joven,0,0,0,0
8761,14484637,2014,joven,0,0,0,0
8761,14500745,2014,joven,0,0,0,0
8761,14545222,2014,joven,0,0,0,0
8761,15163981,2014,joven,0,0,0,0
8761,15522135,2014,joven,0,0,0,0
8761,15957060,2014,joven,0,0,0,0
8761,16226895,2014,joven,0,0,0,0
8761,16305545,2014,joven,0,0,0,0
8761,16485974,2014,joven,0,0,0,0
8761,16569787,2014,joven,0,0,0,0
8761,16761988,2014,joven,0,0,0,0
8761,16784666,2014,joven,0,0,0,0
8761,17524812,2014,joven,0,0,2,0
8761,17539450,2014,joven,0,0,0,0
8761,17608426,2014,joven,0,0,0,0
8761,17662626,2014,joven,0,0,0,0
8761,18066337,2014,joven,0,0,0,0
8761,18094431,2014,joven,0,0,0,0
8761,18120209,2014,joven,0,0,0,0
8761,18176510,2014,joven,0,0,0,0
8761,18296797,2014,joven,0,0,0,0
8761,18606341,2014,joven,0,0,0,0
8761,18639313,2014,joven,0,0,0,0
8761,19280751,2014,joven,0,0,0,0
8761,19331597,2014,joven,0,0,0,0
8761,19759119,2014,joven,0,0,0,0
8761,19888248,2014,joven,0,0,0,0
8761,19989275,2014,joven,0,0,0,0
8761,20345370,2014,joven,0,0,0,0
8761,20472727,2014,joven,0,0,0,0
8761,20564757,2014,joven,0,0,0,0
8761,20875114,2014,joven,0,0,2,0
8761,21448393,2014,joven,0,0,0,0
8761,21915990,2014,joven,0,0,0,0
8761,22103811,2014,joven,0,0,0,0
8761,22155607,2014,joven,0,0,0,0
8761,22360485,2014,joven,0,0,0,0
8761,23092291,2014,joven,0,0,0,0
8761,23374560,2014,joven,0,0,0,0
8761,24137141,2014,joven,0,0,0,0
8761,24315190,2014,joven,0,0,2,0
8761,24786527,2014,joven,0,0,0,0
8761,620748,2015,joven,0,0,0,0
8761,1062986,2015,joven,0,0,0,0
8761,1445932,2015,joven,0,0,0,0
8761,1737810,2015,joven,0,0,0,0
8761,2179149,2015,joven,0,0,0,0
8761,2414904,2015,joven,0,0,0,0
8761,2609416,2015,joven,0,0,0,0
8761,3214121,2015,joven,0,0,0,0
8761,3685099,2015,joven,0,0,0,0
8761,3766398,2015,joven,0,0,0,0
8761,4650353,2015,joven,0,0,0,0
8761,4718056,2015,joven,0,0,0,0
8761,4749286,2015,joven,0,0,0,0
8761,4928725,2015,joven,0,0,0,0
8761,5116247,2015,joven,0,0,0,0
8761,5305598,2015,joven,0,0,0,0
8761,5405696,2015,joven,0,0,0,0
8761,6133298,2015,joven,0,0,0,0
8761,6291643,2015,joven,0,0,0,0
8761,7069181,2015,joven,0,0,0,0
8761,8723010,2015,joven,0,0,0,0
8761,8815639,2015,joven,0,0,0,0
8761,8899952,2015,joven,0,0,0,0
8761,9232849,2015,joven,0,0,0,0
8761,10511354,2015,joven,0,0,0,0
8761,11092744,2015,joven,0,0,0,0
8761,11555094,2015,joven,0,0,0,0
8761,11566279,2015,joven,0,0,0,0
8761,11639639,2015,joven,0,0,0,0
8761,11703705,2015,joven,0,0,0,0
8761,11719990,2015,joven,0,0,0,0
8761,12201163,2015,joven,0,0,0,0
8761,12338092,2015,joven,0,0,0,0
8761,12513902,2015,joven,0,0,0,0
8761,12592078,2015,joven,0,0,0,0
8761,12936609,2015,joven,0,0,0,0
8761,12971063,2015,joven,0,0,0,0
8761,13314560,2015,joven,0,0,0,0
8761,13661214,2015,joven,0,0,0,0
8761,13736667,2015,joven,0,0,0,0
8761,14087525,2015,joven,0,0,0,0
8761,14842909,2015,joven,0,0,0,0
8761,15864509,2015,joven,0,0,0,0
8761,16016419,2015,joven,0,0,0,0
8761,16093314,2015,joven,0,0,0,0
8761,16143330,2015,joven,0,0,0,0
8761,16418640,2015,joven,0,0,0,0
8761,16468079,2015,joven,0,0,0,0
8761,16559463,2015,joven,0,0,0,0
8761,16760260,2015,joven,0,0,0,0
8761,17021410,2015,joven,0,0,0,0
8761,17711157,2015,joven,0,0,0,0
8761,17746343,2015,joven,0,0,0,0
8761,17846790,2015,joven,0,0,0,0
8761,17949596,2015,joven,0,0,0,0
8761,18273461,2015,joven,0,0,0,0
8761,19117201,2015,joven,0,0,0,0
8761,19302036,2015,joven,0,0,0,0
8761,19349122,2015,joven,0,0,2,0
8761,19532119,2015,joven,0,0,0,0
8761,19934564,2015,joven,0,0,0,0
8761,20023768,2015,joven,0,0,0,0
8761,20909323,2015,joven,0,0,0,0
8761,21037083,2015,joven,0,0,0,0
8761,21139189,2015,joven,0,0,0,0
8761,21377155,2015,joven,0,0,0,0
8761,21879159,2015,joven,0,0,2,0
8761,22008611,2015,joven,0,0,0,0
8761,22309305,2015,joven,0,0,0,0
8761,22866364,2015,joven,0,0,0,0
8761,23450426,2015,joven,0,0,0,0
8761,23620919,2015,joven,0,0,0,0
8761,23722113,2015,joven,0,0,0,0
8761,23997360,2015,joven,0,0,0,0
8761,24005364,2015,joven,0,0,0,0
8761,314849,2016,joven,0,0,0,0
8761,434015,2016,joven,0,0,0,0
8761,1062346,2016,joven,0,0,0,0
8761,1133450,2016,joven,0,0,0,0
8761,1827441,2016,joven,0,0,0,0
8761,2540122,2016,joven,0,0,0,0
8761,3006469,2016,joven,0,0,0,0
8761,3033075,2016,joven,0,0,0,0
8761,3235791,2016,joven,0,0,0,0
8761,3847814,2016,joven,0,0,0,0
8761,4746386,2016,joven,0,0,0,0
8761,4907747,2016,joven,0,0,0,0
8761,5534173,2016,joven,0,0,0,0
8761,6524959,2016,joven,0,0,0,0
8761,8163822,2016,joven,0,0,0,0
8761,8561540,2016,joven,0,0,0,0
8761,8753650,2016,joven,0,1,0,0
8761,9232705,2016,joven,0,1,0,0
8761,9569810,2016,joven,0,0,0,0
8761,9753228,2016,joven,0,0,0,0
8761,9813292,2016,joven,0,0,0,0
8761,10105072,2016,joven,0,0,0,0
8761,10460262,2016,joven,0,0,0,0
8761,10650233,2016,joven,0,0,0,0
8761,10763211,2016,joven,1,0,1,0
8761,10936032,2016,joven,0,0,0,0
8761,11106389,2016,joven,0,0,0,0
8761,11172051,2016,joven,0,0,0,0
8761,11573199,2016,joven,0,0,0,0
8761,12360868,2016,joven,0,0,0,0
8761,12799115,2016,joven,0,0,0,0
8761,12948220,2016,joven,0,0,0,0
8761,13046102,2016,joven,0,0,0,0
8761,13234680,2016,joven,0,0,0,0
8761,13567518,2016,joven,0,0,0,0
8761,13639810,2016,joven,0,0,0,0
8761,13711753,2016,joven,0,0,0,0
8761,13819969,2016,joven,0,0,0,0
8761,14405362,2016,joven,0,0,0,0
8761,15555000,2016,joven,0,0,0,0
8761,15636799,2016,joven,0,0,0,0
8761,16446174,2016,joven,0,0,0,0
8761,16727887,2016,joven,0,0,0,0
8761,16765764,2016,joven,0,0,0,0
8761,17451714,2016,joven,0,1,0,0
8761,17748097,2016,joven,0,0,0,0
8761,18457297,2016,joven,0,0,0,0
8761,18461517,2016,joven,0,0,0,0
8761,18794835,2016,joven,0,0,0,0
8761,18850545,2016,joven,0,0,0,0
8761,18911832,2016,joven,0,0,0,0
8761,18983876,2016,joven,0,0,0,0
8761,19530328,2016,joven,0,0,0,0
8761,19550909,2016,joven,0,0,0,0
8761,20159038,2016,joven,0,0,0,0
8761,21433240,2016,joven,0,0,0,0
8761,21610985,2016,joven,0,0,0,0
8761,21625518,2016,joven,0,0,0,0
8761,22012931,2016,joven,0,0,0,0
8761,22773122,2016,joven,0,0,0,0
8761,24279534,2016,joven,0,0,0,0
8761,24665578,2016,joven,0,0,0,0
8761,24792179,2016,joven,0,0,0,0
8761,24806875,2016,joven,0,1,0,0
8761,24964727,2016,joven,0,0,0,0
8761,47674,2017,joven,0,0,0,0
8761,183419,2017,joven,0,0,0,0
8761,1041286,2017,joven,0,0,0,0
8761,1260138,2017,joven,0,0,0,0
8761,1385662,2017,joven,0,0,0,0
8761,1843952,2017,joven,0,0,0,0
8761,2175630,2017,joven,0,0,0,0
8761,2553137,2017,joven,0,0,0,0
8761,2647816,2017,joven,0,0,0,0
8761,2668248,2017,joven,0,1,0,0
8761,2963342,2017,joven,0,0,0,0
8761,3364664,2017,joven,0,0,0,0
8761,4137978,2017,joven,0,0,0,0
8761,4349290,2017,joven,0,0,0,0
8761,4944461,2017,joven,0,0,0,0
8761,4951814,2017,joven,0,0,0,0
8761,5279198,2017,joven,0,0,0,0
8761,5851062,2017,joven,0,0,0,0
8761,5925595,2017,joven,0,0,0,0
8761,6154508,2017,joven,0,0,0,0
8761,6505879,2017,joven,0,0,0,0
8761,6881023,2017,joven,0,0,0,0
8761,7850567,2017,joven,0,0,0,0
8761,7990126,2017,joven,0,0,0,0
8761,8641312,2017,joven,0,0,0,0
8761,9242261,2017,joven,0,0,0,0
8761,10078326,2017,joven,0,0,0,0
8761,10147489,2017,joven,0,0,0,0
8761,10762058,2017,joven,0,1,0,0
8761,10790636,2017,joven,0,0,0,0
8761,10904159,2017,joven,0,0,0,0
8761,11177388,2017,joven,0,0,0,0
8761,11281751,2017,joven,0,0,0,0
8761,11851057,2017,joven,0,0,0,0
8761,12028133,2017,joven,0,0,0,0
8761,12336407,2017,joven,0,0,0,0
8761,12546062,2017,joven,0,0,0,0
8761,12585663,2017,joven,0,0,0,0
8761,13022019,2017,joven,0,0,0,0
8761,13148166,2017,joven,0,0,0,0
8761,13209826,2017,joven,0,0,0,0
8761,13678676,2017,joven,0,0,0,0
8761,13842190,2017,joven,0,0,0,0
8761,13915334,2017,joven,0,0,0,0
8761,14516837,2017,joven,0,1,0,0
8761,14652876,2017,joven,0,0,0,0
8761,14683336,2017,joven,0,0,0,0
8761,15115622,2017,joven,0,0,0,0
8761,15232665,2017,joven,0,0,0,0
8761,15371131,2017,joven,0,0,0,0
8761,16104921,2017,joven,0,0,0,0
8761,16376421,2017,joven,0,0,0,0
8761,16382572,2017,joven,0,0,0,0
8761,16450281,2017,joven,0,0,0,0
8761,16788071,2017,joven,0,0,0,0
8761,16960884,2017,joven,0,0,0,0
8761,17049303,2017,joven,0,1,0,0
8761,17348743,2017,joven,0,1,0,0
8761,17606100,2017,joven,0,0,0,0
8761,17772531,2017,joven,0,0,0,0
8761,18301012,2017,joven,0,0,0,0
8761,19363747,2017,joven,0,0,0,0
8761,19431028,2017,joven,0,0,0,0
8761,19443559,2017,joven,0,0,0,0
8761,19659909,2017,joven,0,0,0,0
8761,19962752,2017,joven,0,0,0,0
8761,20565160,2017,joven,0,0,0,0
8761,21576289,2017,joven,0,0,0,0
8761,21786965,2017,joven,0,0,0,0
8761,21807251,2017,joven,0,0,0,0
8761,21947071,2017,joven,0,0,0,0
8761,22006322,2017,joven,1,0,2,0
8761,22037851,2017,joven,0,0,0,0
8761,22311958,2017,joven,0,1,0,0
8761,22359026,2017,joven,0,0,0,0
8761,22397292,2017,joven,0,0,0,0
8761,23086406,2017,joven,0,0,0,0
8761,23291355,2017,joven,0,0,0,0
8761,23641856,2017,joven,0,0,0,0
8761,23869540,2017,joven,0,0,0,0
8761,23943140,2017,joven,0,0,0,0
8761,23998925,2017,joven,0,0,0,0
8761,24220588,2017,joven,0,0,0,0
8761,333960,2018,joven,0,0,0,0
8761,463985,2018,joven,0,0,0,0
8761,486091,2018,joven,0,0,0,0
8761,539872,2018,joven,0,0,0,0
8761,603191,2018,joven,0,0,0,0
8761,758584,2018,joven,0,0,0,0
8761,804334,2018,joven,0,0,0,0
8761,1147003,2018,joven,0,0,0,0
8761,1430691,2018,joven,0,0,0,0
8761,1789355,2018,joven,0,0,0,0
8761,1962303,2018,joven,0,0,0,0
8761,2198742,2018,joven,0,0,0,0
8761,2710741,2018,joven,0,0,0,0
8761,2879593,2018,joven,0,0,0,0
8761,3117713,2018,joven,0,0,0,0
8761,3405670,2018,joven,0,0,0,0
8761,3886801,2018,joven,0,1,0,0
8761,3974735,2018,joven,0,0,0,0
8761,4003696,2018,joven,0,0,0,0
8761,4749697,2018,joven,0,0,0,0
8761,5425869,2018,joven,0,0,0,0
8761,5578660,2018,joven,0,0,0,0
8761,5720561,2018,joven,0,0,0,0
8761,5889049,2018,joven,0,0,0,0
8761,6153613,2018,joven,0,0,0,0
8761,6412462,2018,joven,0,0,0,0
8761,6456923,2018,joven,0,0,0,0
8761,6492326,2018,joven,0,0,0,0
8761,6807792,2018,joven,0,0,0,0
8761,6840493,2018,joven,0,0,0,0
8761,6873290,2018,joven,0,0,0,0
8761,7207640,2018,joven,0,0,0,0
8761,7475277,2018,joven,0,0,0,0
8761,7723721,2018,joven,0,0,0,0
8761,8550307,2018,joven,0,0,0,0
8761,9312758,2018,joven,0,0,0,0
8761,9700088,2018,joven,0,0,0,0
8761,9772303,2018,joven,0,1,0,0
8761,10355482,2018,joven,0,0,0,0
8761,10526040,2018,joven,0,0,0,0
8761,10535573,2018,joven,0,1,0,0
8761,11603283,2018,joven,0,0,0,0
8761,11973278,2018,joven,0,0,0,0
8761,11987741,2018,joven,0,0,0,0
8761,11999593,2018,joven,0,0,0,0
8761,12157236,2018,joven,0,0,0,0
8761,12403643,2018,joven,0,0,0,0
8761,12727351,2018,joven,0,0,0,0
8761,12728704,2018,joven,0,0,0,0
8761,12873808,2018,joven,0,0,0,0
8761,13036478,2018,joven,0,0,0,0
8761,13164280,2018,joven,0,0,0,0
8761,13514562,2018,joven,0,0,0,0
8761,13807319,2018,joven,0,0,0,0
8761,14153552,2018,joven,0,0,0,0
8761,14585104,2018,joven,0,0,0,0
8761,15143869,2018,joven,0,0,0,0
8761,15160488,2018,joven,0,0,0,0
8761,15460724,2018,joven,0,0,0,0
8761,15894487,2018,joven,0,1,0,0
8761,16263779,2018,joven,0,0,0,0
8761,16430787,2018,joven,0,0,0,0
8761,17013814,2018,joven,0,0,0,0
8761,17427586,2018,joven,0,0,0,0
8761,17690169,2018,joven,0,0,0,0
8761,18135555,2018,joven,0,0,0,0
8761,18136444,2018,joven,0,1,0,0
8761,18440644,2018,joven,0,0,0,0
8761,18787154,2018,joven,0,0,0,0
8761,19033451,2018,joven,0,0,0,0
8761,19092278,2018,joven,0,0,0,0
8761,19429033,2018,joven,0,0,0,0
8761,19504810,2018,joven,0,0,0,0
8761,19580023,2018,joven,0,0,0,0
8761,19601707,2018,joven,0,0,0,0
8761,19709891,2018,joven,0,0,0,0
8761,20223063,2018,joven,0,0,0,0
8761,20792630,2018,joven,0,1,0,0
8761,20841809,2018,joven,0,0,0,0
8761,21133687,2018,joven,0,0,0,0
8761,21175627,2018,joven,0,0,0,0
8761,21480423,2018,joven,0,0,0,0
8761,22043279,2018,joven,0,0,0,0
8761,22411659,2018,joven,0,0,0,0
8761,22610615,2018,joven,0,0,0,0
8761,22781455,2018,joven,0,0,0,0
8761,22868609,2018,joven,0,0,0,0
8761,23130834,2018,joven,0,0,0,0
8761,23220573,2018,joven,0,0,0,0
8761,23426068,2018,joven,1,0,1,0
8761,23645402,2018,joven,0,0,0,0
8761,23775248,2018,joven,0,0,0,0
8761,23877545,2018,joven,0,0,0,0
8761,24048339,2018,joven,0,0,0,0
8761,24279078,2018,joven,0,0,0,0
8761,24393595,2018,joven,0,0,0,0
8761,24708274,2018,joven,0,0,0,0
8761,24868983,2018,joven,0,0,0,0
8761,174535,2019,joven,0,0,0,0
8761,423907,2019,joven,0,0,0,0
8761,732599,2019,joven,0,0,0,0
8761,875489,2019,joven,0,0,0,0
8761,1013143,2019,joven,0,0,0,0
8761,1077236,2019,joven,0,0,0,0
8761,2119249,2019,joven,0,0,0,0
8761,2171386,2019,joven,0,0,0,0
8761,2212033,2019,joven,0,0,0,0
8761,2300719,2019,joven,0,1,0,0
8761,2974693,2019,joven,0,0,0,0
8761,3234389,2019,joven,0,0,0,0
8761,3839406,2019,joven,0,0,0,0
8761,4175880,2019,joven,0,0,0,0
8761,4267195,2019,joven,0,0,0,0
8761,4330484,2019,joven,0,0,0,0
8761,4993800,2019,joven,0,0,0,0
8761,5311617,2019,joven,0,0,0,0
8761,5681588,2019,joven,0,0,0,0
8761,5824386,2019,joven,0,0,0,0
8761,6013851,2019,joven,0,0,0,0
8761,6215813,2019,joven,0,0,0,0
8761,6250843,2019,joven,0,0,0,0
8761,7294252,2019,joven,0,0,0,0
8761,7486193,2019,joven,0,0,0,0
8761,7545519,2019,joven,0,0,0,0
8761,7756605,2019,joven,0,0,0,0
8761,7786036,2019,joven,0,0,0,0
8761,8484300,2019,joven,0,0,0,0
8761,8942653,2019,joven,0,0,0,0
8761,9158158,2019,joven,0,0,0,0
8761,9190204,2019,joven,0,0,0,0
8761,9359275,2019,joven,1,0,3,0
8761,9423973,2019,joven,0,0,0,0
8761,9455889,2019,joven,0,0,0,0
8761,9571180,2019,joven,0,0,0,0
8761,10388377,2019,joven,1,0,2,0
8761,10906005,2019,joven,0,0,0,0
8761,11003117,2019,joven,0,0,0,0
8761,12228862,2019,joven,0,0,0,0
8761,12615444,2019,joven,0,0,0,0
8761,12687718,2019,joven,0,0,0,0
8761,13201813,2019,joven,0,0,0,0
8761,14005793,2019,joven,0,0,0,0
8761,14236228,2019,joven,0,0,0,0
8761,14540636,2019,joven,0,0,0,0
8761,14599934,2019,joven,0,0,0,0
8761,14628279,2019,joven,0,0,0,0
8761,14999460,2019,joven,0,0,0,0
8761,15102613,2019,joven,0,0,0,0
8761,16169748,2019,joven,0,0,0,0
8761,16504107,2019,joven,0,0,0,0
8761,16584093,2019,joven,0,1,0,0
8761,16852580,2019,joven,0,0,0,0
8761,16942621,2019,joven,1,0,2,0
8761,17068520,2019,joven,0,0,0,0
8761,17149867,2019,joven,0,0,0,0
8761,17600866,2019,joven,0,0,0,0
8761,17632209,2019,joven,0,0,0,0
8761,17757309,2019,joven,0,0,0,0
8761,17920028,2019,joven,0,0,0,0
8761,18117199,2019,joven,0,0,0,0
8761,18242488,2019,joven,0,0,0,0
8761,18261734,2019,joven,0,0,0,0
8761,18277686,2019,joven,0,0,0,0
8761,18323356,2019,joven,0,0,0,0
8761,19099965,2019,joven,0,0,0,0
8761,19577235,2019,joven,0,0,0,0
8761,19751923,2019,joven,0,0,0,0
8761,20225308,2019,joven,0,0,0,0
8761,20553973,2019,joven,0,0,0,0
8761,20659059,2019,joven,0,0,0,0
8761,20763505,2019,joven,0,0,0,0
8761,20924601,2019,joven,0,0,0,0
8761,21671790,2019,joven,0,0,0,0
8761,21891066,2019,joven,0,1,0,0
8761,22065076,2019,joven,0,0,0,0
8761,22079217,2019,joven,0,0,0,0
8761,22193475,2019,joven,0,0,0,0
8761,22215968,2019,joven,0,0,0,0
8761,23188528,2019,joven,0,0,0,0
8761,23363326,2019,joven,0,0,0,0
8761,23915486,2019,joven,0,0,0,0
8761,24676731,2019,joven,0,0,0,0
8761,53164,2020,joven,0,0,0,0
8761,85333,2020,joven,0,0,0,0
8761,190142,2020,joven,0,0,0,0
8761,925266,2020,joven,0,0,0,0
8761,1264569,2020,joven,0,0,0,0
8761,1520093,2020,joven,0,0,0,0
8761,1983395,2020,joven,0,0,0,0
8761,2346460,2020,joven,0,0,0,0
8761,3725398,2020,joven,0,0,0,0
8761,4189181,2020,joven,0,1,0,0
8761,4247834,2020,joven,0,0,0,0
8761,4595325,2020,joven,0,0,0,0
8761,5544314,2020,joven,0,0,0,0
8761,5658574,2020,joven,0,0,0,0
8761,5794158,2020,joven,0,0,0,0
8761,5909516,2020,joven,0,0,0,0
8761,5972170,2020,joven,0,0,0,0
8761,6020786,2020,joven,0,0,0,0
8761,6439649,2020,joven,0,0,0,0
8761,6844160,2020,joven,0,0,0,0
8761,6847672,2020,joven,0,0,0,0
8761,6882573,2020,joven,0,0,0,0
8761,7130204,2020,joven,0,0,0,0
8761,7241119,2020,joven,0,0,0,0
8761,7382712,2020,joven,0,0,0,0
8761,8923717,2020,joven,0,0,0,0
8761,9101273,2020,joven,0,0,0,0
8761,9156110,2020,joven,0,0,0,0
8761,9779406,2020,joven,0,0,0,0
8761,10465441,2020,joven,0,0,0,0
8761,10469554,2020,joven,0,0,0,0
8761,10772691,2020,joven,0,0,0,0
8761,11060025,2020,joven,0,0,0,0
8761,11378374,2020,joven,0,0,0,0
8761,11447253,2020,joven,1,0,1,0
8761,11809804,2020,joven,0,0,0,0
8761,11879729,2020,joven,0,0,0,0
8761,12115364,2020,joven,0,0,0,0
8761,12278840,2020,joven,0,0,0,0
8761,12417114,2020,joven,0,0,0,0
8761,12517344,2020,joven,0,0,0,0
8761,12551553,2020,joven,0,0,0,0
8761,12979466,2020,joven,0,0,0,0
8761,13067028,2020,joven,0,0,0,0
8761,14013364,2020,joven,0,0,0,0
8761,14403541,2020,joven,0,0,0,0
8761,14625691,2020,joven,0,0,0,0
8761,14850098,2020,joven,0,0,0,0
8761,14850184,2020,joven,0,0,0,0
8761,15115216,2020,joven,0,0,0,0
8761,15149563,2020,joven,0,0,0,0
8761,15357818,2020,joven,0,0,0,0
8761,15569427,2020,joven,0,0,0,0
8761,15591701,2020,joven,0,0,0,0
8761,16792795,2020,joven,0,0,0,0
8761,16909562,2020,joven,0,0,0,0
8761,17034772,2020,joven,0,0,0,0
8761,17609036,2020,joven,0,0,0,0
8761,17613957,2020,joven,0,0,0,0
8761,17997125,2020,joven,0,0,0,0
8761,18301109,2020,joven,0,0,0,0
8761,18491649,2020,joven,0,0,0,0
8761,18589878,2020,joven,0,0,0,0
8761,18637313,2020,joven,0,0,0,0
8761,18641959,2020,joven,0,0,0,0
8761,18690291,2020,joven,0,0,0,0
8761,18751339,2020,joven,0,0,0,0
8761,18824212,2020,joven,0,0,0,0
8761,19042894,2020,joven,0,0,0,0
8761,19090229,2020,joven,0,0,0,0
8761,19329299,2020,joven,1,0,1,0
8761,19492731,2020,joven,0,0,0,0
8761,19518553,2020,joven,0,1,0,0
8761,19625957,2020,joven,0,0,0,0
8761,19627651,2020,joven,0,0,0,0
8761,20205543,2020,joven,0,0,0,0
8761,20672173,2020,joven,0,0,0,0
8761,20721786,2020,joven,0,0,0,0
8761,20935996,2020,joven,0,0,0,0
8761,21175302,2020,joven,0,0,0,0
8761,21396902,2020,joven,0,0,0,0
8761,21728684,2020,joven,0,0,0,0
8761,21746555,2020,joven,0,0,0,0
8761,22380454,2020,joven,0,0,0,0
8761,22514567,2020,joven,0,0,0,0
8761,22585322,2020,joven,0,0,0,0
8761,22629004,2020,joven,0,0,0,0
8761,22689680,2020,joven,0,0,0,0
8761,22772315,2020,joven,0,0,0,0
8761,22797283,2020,joven,0,0,0,0
8761,22808937,2020,joven,0,0,0,0
8761,22842668,2020,joven,0,1,0,0
8761,23139720,2020,joven,0,0,0,0
8761,24423746,2020,joven,0,0,0,0
8761,24475807,2020,joven,0,0,0,0
8761,24512241,2020,joven,0,0,0,0
8761,24781572,2020,joven,0,0,0,0
8761,24838009,2020,joven,0,0,0,0
8761,24926095,2020,joven,0,0,0,0
8761,24942807,2020,joven,0,0,0,0