RBD,COD_DEPE,AGNO_EGRESO,MRUN,NEM,PERCENTIL,PUESTO_10,PUESTO_30
8485,2,2020,4758522,5.78000020980835,90,NO,NO
8761,4,2020,5658574,6.099999904632568,60,NO,NO
8761,4,2020,5972170,6.75,20,NO,SI
8761,4,2020,6439649,5.900000095367432,80,NO,NO
8761,4,2020,6844160,6.199999809265137,60,NO,NO
4686,4,2020,11289049,6.179999828338623,50,NO,NO
1780,4,2020,12721250,6.599999904632568,10,SI,NO
8761,4,2020,12979466,5.380000114440918,100,NO,NO
9244,4,2020,13318337,5.130000114440918,100,NO,NO
8761,4,2020,15357818,6.349999904632568,50,NO,NO
24908,4,2020,16609853,6.199999809265137,60,NO,NO
8761,4,2020,17034772,6.480000019073486,30,NO,SI
8761,4,2020,18641959,6.480000019073486,30,NO,SI
8761,4,2020,19042894,6.929999828338623,10,SI,NO
8761,4,2020,19329299,5.679999828338623,90,NO,NO
8761,4,2020,19492731,5.630000114440918,90,NO,NO
8761,4,2020,20205543,6.78000020980835,10,SI,NO
8761,4,2020,20721786,6.78000020980835,10,SI,NO
8854,3,2020,21518878,5.929999828338623,40,NO,NO
8761,4,2020,21746555,6.199999809265137,60,NO,NO
8761,4,2020,22689680,6.829999923706055,10,SI,NO
8761,4,2020,23139720,5.800000190734863,80,NO,NO
8761,4,2020,53164,6.400000095367432,40,NO,NO
8761,4,2020,190142,5.829999923706055,80,NO,NO
8761,4,2020,1264569,5.980000019073486,70,NO,NO
8761,4,2020,7382712,6.579999923706055,30,NO,SI
8761,4,2020,9101273,6.730000019073486,20,NO,SI
25478,4,2020,13175103,6.800000190734863,10,SI,NO
9267,4,2020,13338921,6.679999828338623,20,NO,SI
8930,1,2020,13565662,6.78000020980835,10,SI,NO
8761,4,2020,15149563,5.329999923706055,100,NO,NO
25950,3,2020,18136330,5.53000020980835,40,NO,NO
8761,4,2020,18491649,6.480000019073486,30,NO,SI
8761,4,2020,18824212,6.929999828338623,10,SI,NO
8761,4,2020,20672173,6.099999904632568,60,NO,NO
8761,4,2020,20935996,6.230000019073486,50,NO,NO
8761,4,2020,21396902,5.929999828338623,70,NO,NO
8761,4,2020,22629004,5.599999904632568,90,NO,NO
8761,4,2020,22797283,6.179999828338623,60,NO,NO
8761,4,2020,22842668,6.28000020980835,50,NO,NO
8761,4,2020,24475807,6.849999904632568,10,SI,NO
8761,4,2020,24781572,5.949999809265137,70,NO,NO
8761,4,2020,24838009,6.480000019073486,30,NO,SI
8761,4,2020,1520093,6.380000114440918,50,NO,NO
8761,4,2020,3725398,6.480000019073486,30,NO,SI
8761,4,2020,4595325,6.03000020980835,70,NO,NO
8761,4,2020,5544314,6.199999809265137,60,NO,NO
8761,4,2020,5909516,5.900000095367432,80,NO,NO
8761,4,2020,6020786,6.699999809265137,20,NO,SI
8761,4,2020,7241119,5.480000019073486,100,NO,NO
8761,4,2020,10469554,6.699999809265137,20,NO,SI
8761,4,2020,11060025,6.150000095367432,60,NO,NO
8761,4,2020,12278840,6.949999809265137,10,SI,NO
9292,1,2020,14139498,5.079999923706055,80,NO,NO
8761,4,2020,14403541,6.730000019073486,20,NO,SI
8761,4,2020,14850098,6.300000190734863,50,NO,NO
8761,4,2020,16909562,5.699999809265137,80,NO,NO
8761,4,2020,17609036,6.550000190734863,30,NO,SI
8761,4,2020,19518553,5.550000190734863,90,NO,NO
8761,4,2020,19627651,5.75,80,NO,NO
22144,4,2020,20453629,6.599999904632568,40,NO,NO
8761,4,2020,21728684,5.949999809265137,70,NO,NO
8761,4,2020,24423746,6.650000095367432,20,NO,SI
8761,4,2020,24512241,6.480000019073486,30,NO,SI
8761,4,2020,24926095,6.599999904632568,30,NO,SI
8761,4,2020,24942807,6.300000190734863,50,NO,NO
8761,4,2020,2346460,6.78000020980835,10,SI,NO
8761,4,2020,4189181,6.480000019073486,30,NO,SI
8761,4,2020,6847672,5.980000019073486,70,NO,NO
8761,4,2020,8923717,5.929999828338623,70,NO,NO
8761,4,2020,9156110,6.730000019073486,20,NO,SI
8761,4,2020,9779406,6.480000019073486,30,NO,SI
8761,4,2020,10465441,5.78000020980835,80,NO,NO
8761,4,2020,11809804,6.5,30,NO,SI
8761,4,2020,11879729,6.03000020980835,70,NO,NO
8761,4,2020,12551553,5.679999828338623,90,NO,NO
8748,4,2020,13527242,6.179999828338623,80,NO,NO
8761,4,2020,14013364,5.349999904632568,100,NO,NO
8761,4,2020,14625691,6.800000190734863,10,SI,NO
8761,4,2020,14850184,5.900000095367432,80,NO,NO
8909,4,2020,14941149,6.679999828338623,30,NO,SI
8761,4,2020,17613957,6.53000020980835,30,NO,SI
8761,4,2020,19090229,6.949999809265137,10,SI,NO
8761,4,2020,19625957,5.929999828338623,70,NO,NO
8761,4,2020,21175302,6.679999828338623,20,NO,SI
8761,4,2020,22380454,5.329999923706055,100,NO,NO
8761,4,2020,22514567,6.949999809265137,10,SI,NO
8761,4,2020,22772315,6.349999904632568,50,NO,NO
8761,4,2019,174535,5.599999904632568,80,NO,NO
8761,4,2019,732599,6.099999904632568,50,NO,NO
8761,4,2019,875489,6.5,30,NO,SI
8761,4,2020,925266,5.630000114440918,90,NO,NO
8761,4,2019,1013143,5.829999923706055,70,NO,NO
8761,4,2019,1077236,6.28000020980835,40,NO,NO
19962,4,2019,2359661,6.53000020980835,20,NO,SI
25541,3,2019,2710985,6.25,20,NO,SI
8761,4,2019,4175880,5.949999809265137,60,NO,NO
8761,4,2019,5824386,6.829999923706055,10,SI,NO
8761,4,2019,6013851,6.630000114440918,20,NO,SI
8761,4,2019,7486193,6.300000190734863,40,NO,NO
9581,5,2020,9219691,6.179999828338623,10,SI,NO
25541,3,2019,9331345,6.429999828338623,10,SI,NO
8761,4,2019,9359275,5.579999923706055,80,NO,NO
8870,4,2019,9692898,6.599999904632568,10,SI,NO
8928,1,2019,9727511,5.579999923706055,70,NO,NO
9039,4,2020,11601489,5.480000019073486,80,NO,NO
8761,4,2019,16584093,6.28000020980835,40,NO,NO
8761,4,2019,17600866,6.329999923706055,30,NO,SI
8761,4,2019,18261734,5.630000114440918,80,NO,NO
8761,4,2019,19751923,6.329999923706055,30,NO,SI
8761,4,2019,20659059,6.079999923706055,50,NO,NO
8761,4,2019,21891066,6.679999828338623,10,SI,NO
8761,4,2019,22065076,6.679999828338623,10,SI,NO
8761,4,2019,22215968,5.949999809265137,60,NO,NO
24985,4,2019,1273941,5.829999923706055,80,NO,NO
8761,4,2019,2119249,6.53000020980835,20,NO,SI
8761,4,2019,2171386,6.849999904632568,10,SI,NO
8761,4,2019,3839406,5.579999923706055,80,NO,NO
8761,4,2019,4330484,6.099999904632568,50,NO,NO
8489,2,2019,5307238,5.400000095367432,80,NO,NO
8761,4,2019,5311617,6.900000095367432,10,SI,NO
7435,4,2019,5408236,5.199999809265137,100,NO,NO
8761,4,2019,8942653,6.28000020980835,40,NO,NO
8761,4,2019,9158158,6.550000190734863,20,NO,SI
8761,4,2019,9190204,6.579999923706055,20,NO,SI
8761,4,2019,9423973,6.400000095367432,30,NO,SI
25481,3,2019,9452110,6.349999904632568,20,NO,SI
8761,4,2019,9571180,6.130000114440918,50,NO,NO
8761,4,2019,11003117,5.579999923706055,80,NO,NO
8761,4,2019,12228862,5.150000095367432,100,NO,NO
8854,3,2019,13142632,5.75,40,NO,NO
8761,4,2019,14236228,6.480000019073486,30,NO,SI
8761,4,2019,14628279,6.03000020980835,60,NO,NO
8761,4,2019,14999460,6.650000095367432,10,SI,NO
8761,4,2019,17757309,5.550000190734863,90,NO,NO
8761,4,2019,18117199,6.03000020980835,60,NO,NO
8761,4,2019,19099965,6.230000019073486,40,NO,NO
8761,4,2020,22808937,5.25,100,NO,NO
24494,4,2019,23390562,5.53000020980835,70,NO,NO
8761,4,2019,423907,5.650000095367432,80,NO,NO
8485,2,2019,1957421,6.199999809265137,40,NO,NO
1792,4,2019,2411353,6.400000095367432,20,NO,SI
8761,4,2019,4267195,5.980000019073486,60,NO,NO
8761,4,2019,5681588,5.880000114440918,70,NO,NO
8761,4,2019,6215813,5.079999923706055,100,NO,NO
8761,4,2019,9455889,6.230000019073486,40,NO,NO
8938,3,2020,12255723,5.03000020980835,100,NO,NO
8761,4,2019,12615444,6.349999904632568,30,NO,SI
8761,4,2019,14599934,6.579999923706055,20,NO,SI
8761,4,2019,16852580,5.980000019073486,60,NO,NO
8761,4,2019,17632209,5.53000020980835,90,NO,NO
8761,4,2019,18277686,5.829999923706055,70,NO,NO
8604,3,2019,18831720,6.150000095367432,20,NO,SI
8761,4,2019,20763505,6.230000019073486,40,NO,NO
25055,4,2019,20912829,5.130000114440918,100,NO,NO
8761,4,2019,20924601,5.980000019073486,60,NO,NO
22144,4,2019,21366465,5.599999904632568,100,NO,NO
8761,4,2019,22193475,5.349999904632568,100,NO,NO
8761,4,2019,23188528,6.78000020980835,10,SI,NO
8761,4,2019,23363326,6.150000095367432,50,NO,NO
8761,4,2018,463985,6.300000190734863,30,NO,SI
8761,4,2018,1147003,6.599999904632568,10,SI,NO
8761,4,2018,1962303,6.050000190734863,40,NO,NO
8761,4,2018,2710741,5.300000190734863,90,NO,NO
8761,4,2018,3117713,5.449999809265137,80,NO,NO
8761,4,2018,3405670,5.03000020980835,100,NO,NO
8761,4,2018,5578660,5.099999904632568,100,NO,NO
8761,4,2018,5720561,5.03000020980835,100,NO,NO
8761,4,2018,5889049,6.099999904632568,40,NO,NO
8761,4,2018,6840493,6.380000114440918,30,NO,SI
8761,4,2018,7475277,6.900000095367432,10,SI,NO
8761,4,2018,9700088,5.730000019073486,70,NO,NO
8761,4,2018,10355482,5.949999809265137,50,NO,NO
8761,4,2018,11603283,6.699999809265137,10,SI,NO
8761,4,2018,14153552,5.849999904632568,60,NO,NO
24985,4,2018,14525099,5.349999904632568,100,NO,NO
8761,4,2018,15143869,5.78000020980835,60,NO,NO
8761,4,2018,15160488,5.380000114440918,80,NO,NO
8761,4,2018,15460724,5.329999923706055,90,NO,NO
8761,4,2018,16430787,5.329999923706055,90,NO,NO
8761,4,2018,18136444,6.199999809265137,40,NO,NO
8828,1,2018,19192329,5.579999923706055,60,NO,NO
8761,4,2018,21175627,6.050000190734863,40,NO,NO
8761,4,2018,22610615,6.400000095367432,20,NO,SI
8761,4,2018,22868609,5.449999809265137,80,NO,NO
8485,2,2018,23906007,5.599999904632568,90,NO,NO
8761,4,2018,24708274,6.28000020980835,30,NO,SI
8761,4,2018,24868983,6.349999904632568,30,NO,SI
8761,4,2018,333960,5.949999809265137,50,NO,NO
8761,4,2018,603191,6.550000190734863,10,SI,NO
8761,4,2018,3974735,5.349999904632568,90,NO,NO
8761,4,2018,4003696,6,50,NO,NO
8761,4,2018,6153613,6.550000190734863,10,SI,NO
8849,3,2018,6423183,6.579999923706055,10,SI,NO
8761,4,2018,6456923,5.699999809265137,70,NO,NO
9940,3,2018,6597667,6.579999923706055,10,SI,NO
8761,4,2018,6807792,6.230000019073486,40,NO,NO
8761,4,2018,10526040,6.630000114440918,10,SI,NO
8761,4,2018,11999593,6.349999904632568,30,NO,SI
8761,4,2018,12727351,6.380000114440918,30,NO,SI
8761,4,2018,12873808,6.03000020980835,50,NO,NO
8761,4,2018,13036478,6.75,10,SI,NO
8761,4,2018,13807319,5.53000020980835,80,NO,NO
8761,4,2018,17427586,5.699999809265137,70,NO,NO
8930,1,2018,17658635,5.829999923706055,70,NO,NO
8761,4,2018,19580023,5.199999809265137,100,NO,NO
8761,4,2018,19601707,5.949999809265137,50,NO,NO
8761,4,2018,23645402,5.550000190734863,70,NO,NO
8761,4,2018,24393595,5.730000019073486,70,NO,NO
8761,4,2018,539872,6.400000095367432,20,NO,SI
8761,4,2018,804334,6.230000019073486,40,NO,NO
8761,4,2018,1789355,6.75,10,SI,NO
8761,4,2018,3886801,5.079999923706055,100,NO,NO
25478,4,2018,4222205,6.230000019073486,40,NO,NO
8761,4,2018,4749697,4.929999828338623,100,NO,NO
8761,4,2018,6412462,6.079999923706055,40,NO,NO
8761,4,2018,6873290,5.550000190734863,70,NO,NO
8761,4,2019,7545519,5.650000095367432,80,NO,NO
8761,4,2018,10535573,4.900000095367432,100,NO,NO
8761,4,2018,11973278,6.380000114440918,30,NO,SI
8761,4,2018,12157236,5.78000020980835,60,NO,NO
8761,4,2018,12728704,5.900000095367432,60,NO,NO
25541,3,2018,15933103,5.75,50,NO,NO
8761,4,2018,17690169,6.630000114440918,10,SI,NO
8761,4,2018,20223063,6.650000095367432,10,SI,NO
9250,4,2018,20645010,5.550000190734863,90,NO,NO
8761,4,2018,20841809,5.28000020980835,90,NO,NO
8761,4,2018,21480423,5.880000114440918,60,NO,NO
8761,4,2018,23130834,5.929999828338623,60,NO,NO
8761,4,2018,23775248,5.630000114440918,70,NO,NO
8761,4,2018,24048339,5.650000095367432,70,NO,NO
8761,4,2018,758584,6.480000019073486,20,NO,SI
8761,4,2018,1430691,5.329999923706055,90,NO,NO
8761,4,2018,8550307,6.480000019073486,20,NO,SI
8761,4,2018,9312758,6.25,30,NO,SI
8761,4,2018,9772303,6.050000190734863,40,NO,NO
8761,4,2018,11987741,5.380000114440918,80,NO,NO
8761,4,2018,13514562,5.550000190734863,70,NO,NO
8761,4,2018,16263779,5.53000020980835,80,NO,NO
8761,4,2019,17068520,5.349999904632568,100,NO,NO
24761,4,2018,17622416,5.380000114440918,60,NO,NO
8761,4,2018,18787154,6.400000095367432,20,NO,SI
8761,4,2018,19429033,5.599999904632568,70,NO,NO
8761,4,2018,19504810,6.130000114440918,40,NO,NO
8761,4,2018,19709891,6.050000190734863,40,NO,NO
8761,4,2019,20225308,5.349999904632568,100,NO,NO
8761,4,2018,22043279,6.179999828338623,40,NO,NO
8761,4,2018,22781455,6.550000190734863,10,SI,NO
8761,4,2018,23426068,4.949999809265137,100,NO,NO
8761,4,2018,23877545,6.5,20,NO,SI
1631,4,2018,24102010,5.5,90,NO,NO
8761,4,2018,24279078,6.25,30,NO,SI
8761,4,2017,183419,5.75,60,NO,NO
8761,4,2017,1041286,6.75,10,NO,SI
8761,4,2017,2647816,5.349999904632568,90,NO,NO
8761,4,2017,2668248,5.679999828338623,60,NO,NO
8761,4,2017,4951814,5.5,80,NO,NO
8761,4,2017,5279198,6.28000020980835,30,NO,SI
8761,4,2017,5925595,5.880000114440918,50,NO,NO
8761,4,2017,8641312,6.679999828338623,10,NO,SI
8761,4,2017,10147489,5.650000095367432,70,NO,NO
8854,3,2017,10319067,5.730000019073486,30,NO,SI
8761,4,2017,12336407,5.25,100,NO,NO
8761,4,2017,12546062,5.630000114440918,70,NO,NO
8761,4,2017,12585663,6.179999828338623,30,NO,SI
25666,4,2017,13188468,5.929999828338623,20,NO,SI
8761,4,2017,13209826,6.5,20,NO,SI
8761,4,2017,13678676,5.550000190734863,80,NO,NO
8761,4,2017,13915334,6.25,30,NO,SI
8761,4,2017,16450281,5.679999828338623,60,NO,NO
8761,4,2017,16788071,5.75,60,NO,NO
8761,4,2017,16960884,5.329999923706055,90,NO,NO
8761,4,2017,17606100,5.800000190734863,50,NO,NO
8761,4,2017,17772531,6.079999923706055,40,NO,NO
8761,4,2017,19443559,5.900000095367432,50,NO,NO
8761,4,2017,19659909,5.579999923706055,80,NO,NO
8761,4,2017,19962752,5.599999904632568,70,NO,NO
8761,4,2017,21786965,6.349999904632568,20,NO,SI
8761,4,2017,21807251,6.53000020980835,10,NO,SI
11962,4,2017,22556275,6.179999828338623,40,NO,NO
8761,4,2017,23641856,6.699999809265137,10,NO,SI
24761,4,2018,1157660,5,90,NO,NO
8761,4,2017,3364664,6.28000020980835,30,NO,SI
24761,4,2018,4095554,5.179999828338623,80,NO,NO
14923,3,2017,4665283,5.699999809265137,50,NO,NO
8761,4,2018,5425869,5.329999923706055,90,NO,NO
8761,4,2017,6154508,6.400000095367432,20,NO,SI
8761,4,2017,6881023,6.079999923706055,40,NO,NO
8761,4,2017,9242261,5.880000114440918,50,NO,NO
8761,4,2017,10790636,5.980000019073486,50,NO,NO
8761,4,2017,11281751,6.179999828338623,30,NO,SI
8761,4,2017,11851057,5.730000019073486,60,NO,NO
25373,4,2018,11902422,5.900000095367432,20,NO,SI
8761,4,2017,13022019,5.550000190734863,80,NO,NO
25221,4,2017,14287440,5.699999809265137,50,NO,NO
8604,3,2017,14470430,5.730000019073486,50,NO,NO
8761,4,2017,14652876,5.429999828338623,90,NO,NO
8761,4,2017,14683336,6.329999923706055,20,NO,SI
8761,4,2017,15232665,6.449999809265137,20,NO,SI
8761,4,2017,16104921,6.150000095367432,40,NO,NO
8761,4,2017,16382572,5.900000095367432,50,NO,NO
8761,4,2017,22006322,5.650000095367432,70,NO,NO
4698,4,2017,22300598,6.679999828338623,10,NO,SI
8761,4,2017,22359026,6.429999828338623,20,NO,SI
8761,4,2017,22397292,5.550000190734863,80,NO,NO
8761,4,2017,23291355,5.230000019073486,100,NO,NO
8761,4,2017,23869540,6.03000020980835,40,NO,NO
8761,4,2017,23943140,6.900000095367432,10,NO,SI
8761,4,2017,23998925,6.300000190734863,30,NO,SI
8761,4,2017,24220588,5.78000020980835,60,NO,NO
8761,4,2017,47674,5.630000114440918,70,NO,NO
8761,4,2017,1260138,5.699999809265137,60,NO,NO
8761,4,2017,1385662,5.679999828338623,60,NO,NO
8761,4,2017,1843952,5.679999828338623,60,NO,NO
8761,4,2017,2175630,5.829999923706055,50,NO,NO
8761,4,2017,2553137,5.199999809265137,100,NO,NO
8761,4,2017,2963342,5.800000190734863,50,NO,NO
8761,4,2017,4137978,6.300000190734863,30,NO,SI
8761,4,2017,4349290,6.679999828338623,10,NO,SI
8761,4,2017,4944461,5.349999904632568,90,NO,NO
8761,4,2017,5851062,5.28000020980835,100,NO,NO
8761,4,2017,6505879,6,40,NO,NO
8761,4,2017,7850567,5.579999923706055,80,NO,NO
8761,4,2017,7990126,6,40,NO,NO
8761,4,2017,10078326,6.329999923706055,20,NO,SI
8761,4,2018,13164280,5.5,80,NO,NO
8761,4,2017,13842190,6.929999828338623,10,NO,SI
8761,4,2017,14516837,5.5,80,NO,NO
8761,4,2017,15115622,6.380000114440918,20,NO,SI
8761,4,2017,16376421,5.5,80,NO,NO
8761,4,2017,17348743,5.150000095367432,100,NO,NO
8928,1,2017,17523248,5.550000190734863,50,NO,NO
8761,4,2017,18301012,5.78000020980835,60,NO,NO
8761,4,2017,19363747,6.179999828338623,30,NO,SI
8761,4,2017,19431028,6.28000020980835,30,NO,SI
8761,4,2017,20565160,5.429999828338623,90,NO,NO
8761,4,2017,21576289,6.099999904632568,40,NO,NO
8761,4,2017,21947071,5.599999904632568,70,NO,NO
8761,4,2017,22311958,5.380000114440918,90,NO,NO
8761,4,2017,23086406,5.449999809265137,90,NO,NO
8761,4,2016,3033075,6.650000095367432,10,NO,SI
8761,4,2016,3235791,6.230000019073486,40,NO,NO
8761,4,2016,4746386,6.150000095367432,40,NO,NO
8761,4,2016,5534173,5.579999923706055,80,NO,NO
12086,4,2016,6340003,6.400000095367432,10,NO,SI
8761,4,2016,6524959,5.630000114440918,70,NO,NO
8761,4,2016,9569810,6.53000020980835,20,NO,SI
20209,3,2016,9630659,5.650000095367432,70,NO,NO
8761,4,2016,9753228,5.630000114440918,70,NO,NO
8761,4,2016,9813292,6.449999809265137,20,NO,SI
8761,4,2016,10460262,5.849999904632568,60,NO,NO
8761,4,2016,10650233,6.300000190734863,40,NO,NO
8761,4,2016,11106389,5.329999923706055,90,NO,NO
9074,1,2016,11178428,5.400000095367432,50,NO,NO
8761,4,2016,12360868,5.800000190734863,70,NO,NO
8761,4,2016,12799115,5.78000020980835,70,NO,NO
8761,4,2016,12948220,6.630000114440918,10,NO,SI
8761,4,2016,13046102,6.579999923706055,20,NO,SI
8761,4,2016,13639810,6.329999923706055,30,NO,SI
8761,4,2016,13819969,5.28000020980835,100,NO,NO
8761,4,2016,14405362,6.400000095367432,20,NO,SI
8761,4,2016,15555000,6.329999923706055,30,NO,SI
9159,3,2018,16760380,5.050000190734863,70,NO,NO
8761,4,2016,17451714,6.150000095367432,40,NO,NO
8761,4,2016,18457297,6.679999828338623,10,NO,SI
8761,4,2016,18461517,5.949999809265137,50,NO,NO
8761,4,2016,18850545,6.349999904632568,30,NO,SI
8761,4,2016,18911832,6.329999923706055,30,NO,SI
8761,4,2016,19550909,6.699999809265137,10,NO,SI
8761,4,2016,21610985,6.579999923706055,20,NO,SI
8761,4,2016,22773122,5.550000190734863,80,NO,NO
8761,4,2016,24279534,5.829999923706055,60,NO,NO
8761,4,2016,24792179,5.380000114440918,90,NO,NO
8761,4,2016,434015,5.579999923706055,80,NO,NO
8761,4,2016,1062346,6.380000114440918,30,NO,SI
8761,4,2016,1133450,6.829999923706055,10,NO,SI
8761,4,2016,1827441,6.78000020980835,10,NO,SI
8761,4,2016,3006469,6.199999809265137,40,NO,NO
8761,4,2016,3847814,5.730000019073486,70,NO,NO
8761,4,2016,8163822,5.28000020980835,100,NO,NO
8761,4,2016,8561540,5.900000095367432,60,NO,NO
8761,4,2016,9232705,5.550000190734863,80,NO,NO
8761,4,2016,10105072,5.929999828338623,60,NO,NO
8761,4,2016,10936032,5.03000020980835,100,NO,NO
25666,4,2016,10945057,5.25,60,NO,NO
8761,4,2016,11172051,5.699999809265137,70,NO,NO
8761,4,2016,11573199,5.929999828338623,60,NO,NO
8761,4,2017,13148166,5.329999923706055,90,NO,NO
8761,4,2016,13234680,5.550000190734863,80,NO,NO
8761,4,2016,13567518,5.829999923706055,60,NO,NO
8761,4,2016,13711753,6.050000190734863,50,NO,NO
8761,4,2016,15636799,6.449999809265137,20,NO,SI
8627,3,2016,16483122,6.199999809265137,20,NO,SI
8761,4,2016,16765764,6.130000114440918,50,NO,NO
8761,4,2016,17748097,6.730000019073486,10,NO,SI
8761,4,2016,18983876,5.650000095367432,70,NO,NO
8761,4,2016,20159038,6.130000114440918,50,NO,NO
8761,4,2016,21433240,6.199999809265137,40,NO,NO
8761,4,2016,21625518,5.480000019073486,90,NO,NO
8761,4,2016,22012931,5.349999904632568,90,NO,NO
8761,4,2016,24806875,5.449999809265137,90,NO,NO
8761,4,2016,314849,6.300000190734863,40,NO,NO
8761,4,2016,2540122,5.599999904632568,80,NO,NO
8761,4,2015,3214121,5.150000095367432,90,NO,NO
8761,4,2015,3766398,5.179999828338623,90,NO,NO
8761,4,2015,4718056,6.179999828338623,30,NO,SI
8761,4,2015,6291643,6.079999923706055,30,NO,SI
8761,4,2015,7069181,4.929999828338623,100,NO,NO
8761,4,2015,8723010,5.980000019073486,40,NO,NO
8761,4,2015,8815639,5.03000020980835,100,NO,NO
8761,4,2015,11566279,6.150000095367432,30,NO,SI
8761,4,2015,11703705,5.900000095367432,50,NO,NO
8761,4,2015,11719990,5.400000095367432,70,NO,NO
8761,4,2015,12201163,5.650000095367432,60,NO,NO
8761,4,2015,12513902,5.050000190734863,100,NO,NO
8761,4,2015,12971063,6,40,NO,NO
8761,4,2015,13314560,5.599999904632568,60,NO,NO
8761,4,2015,14087525,6.53000020980835,10,NO,SI
8761,4,2015,16016419,5.079999923706055,90,NO,NO
8761,4,2015,16468079,6.230000019073486,20,NO,SI
8761,4,2015,17021410,5.599999904632568,60,NO,NO
8761,4,2015,17711157,4.980000019073486,100,NO,NO
8761,4,2015,17746343,6.130000114440918,30,NO,SI
8761,4,2015,17949596,5.599999904632568,60,NO,NO
8761,4,2015,18273461,5.130000114440918,90,NO,NO
12266,4,2016,18628068,5.179999828338623,60,NO,NO
8761,4,2015,20909323,5.880000114440918,50,NO,NO
8761,4,2015,21037083,5.449999809265137,70,NO,NO
8761,4,2015,21377155,6.230000019073486,20,NO,SI
8761,4,2015,22866364,5.28000020980835,80,NO,NO
8761,4,2015,23450426,6.349999904632568,10,NO,SI
8761,4,2015,23620919,5.300000190734863,80,NO,NO
8761,4,2015,23722113,5.329999923706055,80,NO,NO
8761,4,2015,23997360,5.900000095367432,50,NO,NO
8761,4,2015,620748,6.329999923706055,20,NO,SI
8761,4,2015,1062986,6.03000020980835,40,NO,NO
8761,4,2015,1445932,5.75,60,NO,NO
8761,4,2015,2179149,5.650000095367432,60,NO,NO
8761,4,2015,2414904,5.949999809265137,40,NO,NO
8761,4,2015,2609416,5.25,90,NO,NO
8761,4,2015,3685099,6.849999904632568,10,NO,SI
8761,4,2015,4650353,5.75,60,NO,NO
8761,4,2015,4749286,6.800000190734863,10,NO,SI
8761,4,2015,4928725,6.130000114440918,30,NO,SI
8761,4,2015,5116247,6,40,NO,NO
8761,4,2015,5305598,6,40,NO,NO
8761,4,2015,5405696,6.28000020980835,20,NO,SI
8761,4,2015,6133298,6.079999923706055,30,NO,SI
8761,4,2015,8899952,5.449999809265137,70,NO,NO
8761,4,2015,9232849,6.03000020980835,40,NO,NO
8761,4,2015,10511354,5.28000020980835,80,NO,NO
8761,4,2015,11555094,5.380000114440918,70,NO,NO
8761,4,2015,11639639,5.28000020980835,80,NO,NO
8761,4,2015,12338092,6.150000095367432,30,NO,SI
8761,4,2015,12592078,5.75,60,NO,NO
8761,4,2015,12936609,6.300000190734863,20,NO,SI
8761,4,2015,13661214,5.199999809265137,90,NO,NO
8761,4,2015,15864509,6.28000020980835,20,NO,SI
8761,4,2015,16143330,6.230000019073486,20,NO,SI
8761,4,2015,16418640,6.380000114440918,10,NO,SI
8761,4,2015,16559463,5.03000020980835,100,NO,NO
25058,4,2016,17822368,5.699999809265137,40,NO,NO
8761,4,2015,17846790,5.28000020980835,80,NO,NO
8761,4,2015,19117201,5.5,70,NO,NO
8761,4,2015,19349122,5.349999904632568,80,NO,NO
8761,4,2015,19934564,6.230000019073486,20,NO,SI
8761,4,2015,21879159,6.78000020980835,10,NO,SI
8761,4,2015,22008611,5.829999923706055,50,NO,NO
8761,4,2015,24005364,5.800000190734863,50,NO,NO
8761,4,2016,24964727,5.130000114440918,100,NO,NO
8761,4,2014,936301,5.099999904632568,90,NO,NO
8761,4,2014,5974021,5.449999809265137,60,NO,NO
8761,4,2014,6915198,4.949999809265137,100,NO,NO
8761,4,2014,7034761,6.25,20,NO,SI
8926,1,2014,7305610,5.699999809265137,80,NO,NO
8761,4,2014,7306906,5,90,NO,NO
8761,4,2014,8668221,6.130000114440918,30,NO,SI
8761,4,2014,10716446,6.099999904632568,30,NO,SI
8761,4,2014,11484341,5.730000019073486,50,NO,NO
8761,4,2014,12146658,4.900000095367432,100,NO,NO
8761,4,2014,12416771,5,90,NO,NO
8761,4,2015,13736667,5.380000114440918,70,NO,NO
8761,4,2014,14200919,4.980000019073486,100,NO,NO
8761,4,2014,14373487,5.679999828338623,50,NO,NO
8761,4,2014,14500745,5,90,NO,NO
8761,4,2014,15522135,5.099999904632568,90,NO,NO
8761,4,2014,16305545,5.349999904632568,70,NO,NO
8761,4,2014,16761988,5.829999923706055,40,NO,NO
8761,4,2014,16784666,5.75,50,NO,NO
8761,4,2014,17524812,4.980000019073486,100,NO,NO
8761,4,2014,18066337,5.400000095367432,70,NO,NO
8761,4,2014,18120209,5.429999828338623,70,NO,NO
8761,4,2014,18606341,6.179999828338623,20,NO,SI
8761,4,2014,18639313,5.380000114440918,70,NO,NO
8761,4,2014,20564757,6.25,20,NO,SI
8761,4,2014,21448393,5.730000019073486,50,NO,NO
8761,4,2014,21915990,5.199999809265137,80,NO,NO
8761,4,2014,22360485,5.400000095367432,70,NO,NO
8761,4,2014,24786527,5.880000114440918,40,NO,NO
8761,4,2014,1265489,4.949999809265137,100,NO,NO
8761,4,2014,1639774,5.75,50,NO,NO
8761,4,2014,3746424,6.429999828338623,20,NO,SI
8761,4,2014,5104271,5.449999809265137,60,NO,NO
8761,4,2014,6575396,5.579999923706055,60,NO,NO
8761,4,2014,7491584,5.429999828338623,70,NO,NO
8761,4,2014,8169636,5.980000019073486,40,NO,NO
8761,4,2014,9130091,5.949999809265137,40,NO,NO
8761,4,2014,10599212,6.130000114440918,30,NO,SI
8761,4,2014,11923254,6.53000020980835,10,NO,SI
8761,4,2014,14405012,5.800000190734863,40,NO,NO
8761,4,2014,14484637,5.300000190734863,80,NO,NO
8761,4,2014,15163981,5.329999923706055,80,NO,NO
8761,4,2014,17608426,6.150000095367432,30,NO,SI
8761,4,2014,18094431,4.929999828338623,100,NO,NO
8761,4,2014,18296797,6.349999904632568,20,NO,SI
8761,4,2014,19280751,6.5,10,NO,SI
8761,4,2014,19888248,5.679999828338623,50,NO,NO
8761,4,2014,20472727,5.150000095367432,90,NO,NO
8761,4,2014,239756,5.130000114440918,90,NO,NO
8761,4,2014,1137871,6.829999923706055,10,NO,SI
8761,4,2014,2174650,6.579999923706055,10,NO,SI
26260,3,2014,3142810,4.980000019073486,100,NO,NO
8761,4,2014,3239514,5.329999923706055,80,NO,NO
8761,4,2014,3509029,5.579999923706055,60,NO,NO
8761,4,2014,6515286,5.630000114440918,50,NO,NO
8761,4,2014,7110831,4.880000114440918,100,NO,NO
8761,4,2014,10729020,5.699999809265137,50,NO,NO
8761,4,2014,13135773,6.03000020980835,30,NO,SI
8761,4,2014,13320533,5.380000114440918,70,NO,NO
8761,4,2014,14388575,5.800000190734863,40,NO,NO
8761,4,2014,14545222,6.150000095367432,30,NO,SI
8761,4,2014,16485974,6.329999923706055,20,NO,SI
8761,4,2014,16569787,6.699999809265137,10,NO,SI
8761,4,2014,18176510,5.300000190734863,80,NO,NO
8761,4,2014,19759119,5.25,80,NO,NO
8761,4,2014,20345370,5.050000190734863,90,NO,NO
8761,4,2014,20875114,5.050000190734863,90,NO,NO
8761,4,2014,22103811,5.929999828338623,40,NO,NO
8761,4,2014,22155607,6.130000114440918,30,NO,SI
8761,4,2014,23092291,5.550000190734863,60,NO,NO
8761,4,2014,23374560,6.179999828338623,20,NO,SI
8761,4,2014,24137141,5.130000114440918,90,NO,NO
8761,4,2014,24315190,5.929999828338623,40,NO,NO
8761,4,2014,211443,6.449999809265137,20,NO,SI
8761,4,2014,5832834,5.230000019073486,80,NO,NO
8761,4,2014,5997905,5.5,60,NO,NO
8761,4,2014,6564002,6.650000095367432,10,NO,SI
8761,4,2014,6936132,5.349999904632568,70,NO,NO
8761,4,2014,8248870,6.300000190734863,20,NO,SI
8761,4,2014,8453153,5.429999828338623,70,NO,NO
8761,4,2014,8491369,5.28000020980835,80,NO,NO
8761,4,2014,9580134,6.5,10,NO,SI
8761,4,2014,14148935,6.699999809265137,10,NO,SI
8761,4,2014,14226077,6.679999828338623,10,NO,SI
8761,4,2015,14842909,5,100,NO,NO
8761,4,2014,15957060,6.429999828338623,20,NO,SI
8761,4,2014,16226895,5.630000114440918,50,NO,NO
8761,4,2014,17539450,6,30,NO,SI
8761,4,2014,17662626,5.599999904632568,60,NO,NO
8761,4,2014,19331597,5.449999809265137,60,NO,NO
8761,4,2014,19989275,5.929999828338623,40,NO,NO
8761,4,2013,446360,4.949999809265137,100,NO,NO
8761,4,2013,3072306,5.179999828338623,90,NO,NO
8761,4,2013,3095163,5.880000114440918,40,NO,NO
8761,4,2013,6550249,6.03000020980835,30,NO,SI
8761,4,2013,6921727,5.099999904632568,100,NO,NO
8761,4,2013,7528284,5.03000020980835,100,NO,NO
8761,4,2013,9426188,5.679999828338623,60,NO,NO
8761,4,2013,9541256,6.03000020980835,30,NO,SI
8761,4,2013,10889983,5.349999904632568,80,NO,NO
8761,4,2013,11332610,5.579999923706055,60,NO,NO
8761,4,2013,13308898,5.429999828338623,70,NO,NO
8761,4,2013,14775653,5.949999809265137,40,NO,NO
8761,4,2013,15682763,5.25,90,NO,NO
8761,4,2013,16306138,5.400000095367432,70,NO,NO
8761,4,2013,16885304,4.980000019073486,100,NO,NO
8761,4,2013,16976027,5.199999809265137,90,NO,NO
8761,4,2013,17083856,5.079999923706055,100,NO,NO
8761,4,2013,17946754,5.849999904632568,50,NO,NO
8761,4,2013,18128142,6.079999923706055,30,NO,SI
8761,4,2013,19848483,6.199999809265137,20,NO,SI
8761,4,2013,19994626,5.300000190734863,80,NO,NO
8761,4,2013,20804849,6.449999809265137,20,NO,SI
8761,4,2013,20859254,5.179999828338623,90,NO,NO
8761,4,2013,21393713,5.650000095367432,60,NO,NO
8761,4,2013,22833766,6.349999904632568,20,NO,SI
8761,4,2013,23285270,5.53000020980835,70,NO,NO
8761,4,2013,24514991,5.949999809265137,40,NO,NO
8761,4,2013,390529,6.849999904632568,10,NO,SI
8761,4,2013,1117116,5.550000190734863,60,NO,NO
8761,4,2013,3333580,5.829999923706055,50,NO,NO
8761,4,2013,5190135,5.329999923706055,80,NO,NO
8761,4,2013,5690319,5.150000095367432,90,NO,NO
8761,4,2013,6573400,5.630000114440918,60,NO,NO
8761,4,2013,7176446,4.929999828338623,100,NO,NO
8761,4,2013,7545705,5.550000190734863,60,NO,NO
8761,4,2013,7883355,5.25,90,NO,NO
8761,4,2013,7983395,5.400000095367432,70,NO,NO
8761,4,2013,8327716,5.03000020980835,100,NO,NO
8761,4,2013,8534694,5.579999923706055,60,NO,NO
8761,4,2013,8558807,6.630000114440918,10,NO,SI
8761,4,2013,8819527,5.829999923706055,50,NO,NO
8761,4,2013,10401823,5.900000095367432,40,NO,NO
8761,4,2013,10797588,5.329999923706055,80,NO,NO
8761,4,2013,11207022,5.349999904632568,80,NO,NO
8761,4,2013,11563785,5.099999904632568,100,NO,NO
8761,4,2013,12544605,6.630000114440918,10,NO,SI
8761,4,2013,13483082,6.329999923706055,20,NO,SI
8761,4,2013,13568875,5.199999809265137,90,NO,NO
8761,4,2013,14180434,5.650000095367432,60,NO,NO
8761,4,2013,14927526,6.25,20,NO,SI
8761,4,2013,16458739,5.349999904632568,80,NO,NO
8761,4,2013,16926073,5.380000114440918,80,NO,NO
8761,4,2013,19301782,5.699999809265137,60,NO,NO
8761,4,2013,20079158,5.78000020980835,50,NO,NO
8761,4,2013,20981817,5.75,50,NO,NO
8761,4,2013,21109057,5.380000114440918,80,NO,NO
8761,4,2013,23875523,5.25,90,NO,NO
8761,4,2013,23945927,5.599999904632568,60,NO,NO
8761,4,2013,24803301,6.130000114440918,20,NO,SI
8761,4,2013,24841624,5.650000095367432,60,NO,NO
8761,4,2013,1146460,5.900000095367432,40,NO,NO
8761,4,2013,2779111,5.480000019073486,70,NO,NO
8761,4,2013,3321337,5.900000095367432,40,NO,NO
8761,4,2013,5050486,5.800000190734863,50,NO,NO
8761,4,2013,5429831,5.550000190734863,60,NO,NO
8761,4,2013,6012803,6.199999809265137,20,NO,SI
8761,4,2013,8260268,5.849999904632568,50,NO,NO
8761,4,2013,10164210,5.949999809265137,40,NO,NO
8761,4,2013,10407123,5.880000114440918,40,NO,NO
8761,4,2013,11140148,6,40,NO,NO
8761,4,2013,11508412,4.980000019073486,100,NO,NO
8761,4,2013,12589443,6.179999828338623,20,NO,SI
8761,4,2013,12742907,6.550000190734863,10,NO,SI
8761,4,2013,13807113,5.929999828338623,40,NO,NO
8761,4,2013,14916599,6.199999809265137,20,NO,SI
8761,4,2013,18511912,6.5,10,NO,SI
8761,4,2013,18844213,6.099999904632568,30,NO,SI
8761,4,2013,19609129,6.130000114440918,20,NO,SI
8761,4,2013,20068145,5.78000020980835,50,NO,NO
8761,4,2013,21469979,5.150000095367432,90,NO,NO
8761,4,2013,22481065,6.630000114440918,10,NO,SI
8761,4,2013,23231228,5.849999904632568,50,NO,NO
8761,4,2013,23239916,5.5,70,NO,NO
8761,4,2013,76209,6.050000190734863,30,NO,SI
8761,4,2013,2441074,5.53000020980835,70,NO,NO
8761,4,2013,2798642,5.099999904632568,100,NO,NO
8761,4,2013,3817538,6.480000019073486,20,NO,SI
8761,4,2013,5200132,5.329999923706055,80,NO,NO
8761,4,2013,5691558,6.699999809265137,10,NO,SI
8761,4,2013,7496095,4.900000095367432,100,NO,NO
8761,4,2013,8765833,5.400000095367432,70,NO,NO
8761,4,2013,10365600,5.480000019073486,70,NO,NO
8761,4,2013,10635199,5.25,90,NO,NO
8761,4,2013,10775677,5.28000020980835,80,NO,NO
8761,4,2013,10793408,6.050000190734863,30,NO,SI
8761,4,2013,11157402,6.03000020980835,30,NO,SI
8761,4,2013,11515441,5.53000020980835,70,NO,NO
8761,4,2013,12879371,6.429999828338623,20,NO,SI
8761,4,2013,13772052,6.699999809265137,10,NO,SI
8761,4,2013,14281177,5.599999904632568,60,NO,NO
8761,4,2013,15493322,6.130000114440918,20,NO,SI
8761,4,2013,16708169,5.28000020980835,80,NO,NO
8761,4,2013,16750746,6.5,10,NO,SI
8761,4,2013,17024577,5.75,50,NO,NO
8761,4,2013,19328921,6.679999828338623,10,NO,SI
8761,4,2013,19810706,5.929999828338623,40,NO,NO
8761,4,2013,20923768,6.53000020980835,10,NO,SI
8761,4,2013,21598454,6.130000114440918,20,NO,SI
8761,4,2013,21803100,5.78000020980835,50,NO,NO
8761,4,2013,22885207,6.130000114440918,20,NO,SI
8761,4,2020,1983395,6.599999904632568,30,NO,SI
8761,4,2020,11447253,6.400000095367432,40,NO,NO
8761,4,2020,18589878,5.650000095367432,90,NO,NO
8761,4,2020,22585322,6.400000095367432,40,NO,NO
8761,4,2020,12417114,6.550000190734863,30,NO,SI
8761,4,2020,15569427,5.599999904632568,90,NO,NO
8761,4,2020,16792795,6.679999828338623,20,NO,SI
8761,4,2020,17997125,6.630000114440918,30,NO,SI
8761,4,2020,18301109,6.380000114440918,50,NO,NO
8761,4,2020,18690291,6.099999904632568,60,NO,NO
8761,4,2020,85333,5.380000114440918,100,NO,NO
8761,4,2020,4247834,6.199999809265137,60,NO,NO
8761,4,2020,10772691,5.949999809265137,70,NO,NO
8761,4,2020,12115364,5,100,NO,NO
8761,4,2020,15115216,5.75,80,NO,NO
8761,4,2020,5794158,5.53000020980835,90,NO,NO
8761,4,2020,6882573,6.300000190734863,50,NO,NO
8761,4,2020,7130204,6.28000020980835,50,NO,NO
8761,4,2020,11378374,5.179999828338623,100,NO,NO
8761,4,2020,12517344,6.400000095367432,40,NO,NO
8761,4,2020,13067028,5.5,90,NO,NO
8761,4,2020,15591701,5.5,90,NO,NO
8761,4,2020,18637313,6.179999828338623,60,NO,NO
8761,4,2020,18751339,5.730000019073486,80,NO,NO
8761,4,2019,4993800,6.53000020980835,20,NO,SI
8761,4,2019,7786036,5.829999923706055,70,NO,NO
8761,4,2019,18323356,6.199999809265137,40,NO,NO
8761,4,2019,19577235,6.079999923706055,50,NO,NO
8761,4,2019,20553973,6.5,30,NO,SI
8761,4,2019,18242488,6.199999809265137,40,NO,NO
8761,4,2019,7294252,5.800000190734863,80,NO,NO
8761,4,2019,7756605,6.53000020980835,20,NO,SI
8761,4,2019,12687718,6.050000190734863,60,NO,NO
8761,4,2019,16169748,5.230000019073486,100,NO,NO
8761,4,2019,17149867,5.929999828338623,70,NO,NO
8761,4,2019,2212033,5.949999809265137,60,NO,NO
8761,4,2019,2300719,5.949999809265137,60,NO,NO
8761,4,2019,2974693,6.630000114440918,20,NO,SI
8761,4,2019,3234389,6.550000190734863,20,NO,SI
8761,4,2019,6250843,6.079999923706055,50,NO,NO
8761,4,2019,8484300,6.03000020980835,60,NO,NO
8761,4,2019,10388377,5.599999904632568,80,NO,NO
8761,4,2019,10906005,5.480000019073486,90,NO,NO
8761,4,2019,13201813,5,100,NO,NO
8761,4,2019,14005793,6.050000190734863,60,NO,NO
8761,4,2019,14540636,5.400000095367432,90,NO,NO
8761,4,2019,15102613,6.349999904632568,30,NO,SI
8761,4,2019,16504107,5.75,80,NO,NO
8761,4,2019,17920028,6.650000095367432,10,SI,NO
8761,4,2019,21671790,6.699999809265137,10,SI,NO
8761,4,2019,22079217,5.5,90,NO,NO
8761,4,2019,23915486,5.28000020980835,100,NO,NO
8997,3,2019,23979908,5.230000019073486,60,NO,NO
8761,4,2019,24676731,5.679999828338623,80,NO,NO
8761,4,2018,486091,5.78000020980835,60,NO,NO
8761,4,2018,7723721,5.5,80,NO,NO
8761,4,2018,17013814,6.53000020980835,20,NO,SI
8761,4,2018,18135555,5.349999904632568,90,NO,NO
8761,4,2018,22411659,5.079999923706055,100,NO,NO
8761,4,2018,6492326,5.849999904632568,60,NO,NO
8761,4,2018,12403643,5.53000020980835,80,NO,NO
8761,4,2018,14585104,5.730000019073486,70,NO,NO
8761,4,2018,21133687,6.099999904632568,40,NO,NO
8761,4,2018,2879593,5.28000020980835,90,NO,NO
8761,4,2018,7207640,6.480000019073486,20,NO,SI
8761,4,2018,18440644,5.829999923706055,60,NO,NO
8761,4,2018,19092278,6.230000019073486,40,NO,NO
8761,4,2018,23220573,6.5,20,NO,SI
8761,4,2018,2198742,5.949999809265137,50,NO,NO
8761,4,2018,15894487,5.800000190734863,60,NO,NO
8761,4,2018,19033451,6.730000019073486,10,SI,NO
8761,4,2018,20792630,5.579999923706055,70,NO,NO
25269,3,2020,916688,5.5,60,NO,NO
8761,4,2019,16942621,5.579999923706055,80,NO,NO
13574,4,2020,61364,5.630000114440918,50,NO,NO
10781,1,2020,2739720,5.480000019073486,30,NO,SI
9007,1,2019,23246257,6.429999828338623,10,SI,NO
8761,4,2017,22037851,5.199999809265137,100,NO,NO
8761,4,2017,10762058,6.03000020980835,40,NO,NO
8761,4,2017,10904159,5.730000019073486,60,NO,NO
8761,4,2017,17049303,6.099999904632568,40,NO,NO
8761,4,2017,11177388,6.650000095367432,10,NO,SI
8761,4,2017,12028133,6.699999809265137,10,NO,SI
8761,4,2017,15371131,5.579999923706055,80,NO,NO
12087,4,2020,12693340,5.730000019073486,100,NO,NO
25666,4,2020,19473007,6.099999904632568,30,NO,SI
24985,4,2020,6380057,6.130000114440918,70,NO,NO
580,4,2020,4670878,5.730000019073486,90,NO,NO
9312,3,2019,18978580,5.230000019073486,80,NO,NO
25666,4,2018,12104785,5.650000095367432,20,NO,SI
8761,4,2016,16727887,5.929999828338623,60,NO,NO
8761,4,2016,18794835,5.949999809265137,50,NO,NO
8761,4,2016,24665578,6.329999923706055,30,NO,SI
8761,4,2016,4907747,5.28000020980835,100,NO,NO
8761,4,2016,8753650,5.900000095367432,60,NO,NO
8761,4,2016,10763211,6.050000190734863,50,NO,NO
8761,4,2016,16446174,5.300000190734863,90,NO,NO
8761,4,2016,19530328,6.599999904632568,20,NO,SI
12672,3,2020,18075833,5.980000019073486,30,NO,SI
9267,4,2020,24772803,6.449999809265137,40,NO,NO
8609,4,2020,1383273,6.550000190734863,30,NO,SI
20400,4,2019,11367882,5.929999828338623,60,NO,NO
8928,1,2019,23014175,5.25,100,NO,NO
8761,4,2015,16093314,5.28000020980835,80,NO,NO
8761,4,2015,19302036,5.380000114440918,70,NO,NO
8761,4,2015,21139189,5.349999904632568,80,NO,NO
8761,4,2015,22309305,5.079999923706055,90,NO,NO
8761,4,2015,1737810,6.550000190734863,10,NO,SI
8761,4,2015,11092744,5.849999904632568,50,NO,NO
8761,4,2015,19532119,5.849999904632568,50,NO,NO
8761,4,2015,16760260,5.849999904632568,50,NO,NO
8761,4,2015,20023768,6.380000114440918,10,NO,SI
0,0,2019,24217074,5.630000114440918,50,NO,NO
11871,4,2018,15910328,5.630000114440918,90,NO,NO
9276,4,2017,24352776,5.230000019073486,100,NO,NO
10724,4,2020,9324007,6.480000019073486,40,NO,NO
25478,4,2019,3714587,6.429999828338623,30,NO,SI
8950,4,2019,9278011,6.179999828338623,40,NO,NO
8900,4,2019,6764524,5.699999809265137,70,NO,NO
26238,4,2019,8722421,5.849999904632568,60,NO,NO
1404,4,2020,16388218,6.329999923706055,30,NO,SI
9276,4,2019,21486099,6.429999828338623,10,SI,NO
357,4,2018,16464103,6.579999923706055,10,SI,NO
8981,4,2019,9611203,5.230000019073486,100,NO,NO
7435,4,2017,4316892,5.730000019073486,70,NO,NO
10834,4,2019,11374914,5.329999923706055,100,NO,NO
26367,3,2018,8495923,6.25,20,NO,SI
17606,4,2017,15927499,5.650000095367432,60,NO,NO
8815,1,2016,10151766,5.329999923706055,70,NO,NO
8877,4,2016,15820426,6.230000019073486,40,NO,NO
9038,4,2016,6000716,4.800000190734863,90,NO,NO
8876,4,2015,11917529,5.449999809265137,40,NO,NO
8974,4,2014,17835585,5.980000019073486,40,NO,NO
9221,4,2015,4117954,5.449999809265137,70,NO,NO
20137,3,2014,20851195,5.150000095367432,90,NO,NO
8761,4,2012,1466113,5.599999904632568,70,NO,NO
8761,4,2012,1865513,6.230000019073486,30,NO,SI
8761,4,2012,3593376,5.480000019073486,80,NO,NO
8761,4,2012,4323395,5.630000114440918,70,NO,NO
8761,4,2012,6820706,5.929999828338623,50,NO,NO
8761,4,2012,9825276,6.400000095367432,20,NO,SI
8761,4,2012,10397857,6.050000190734863,40,NO,NO
8761,4,2012,10646192,5.849999904632568,60,NO,NO
8761,4,2012,12305966,5.199999809265137,90,NO,NO
8761,4,2012,12936388,6.03000020980835,40,NO,NO
8761,4,2012,14628099,4.980000019073486,100,NO,NO
8761,4,2012,16059284,5.429999828338623,90,NO,NO
8761,4,2012,16950994,6.329999923706055,20,NO,SI
8761,4,2012,16989717,5.179999828338623,100,NO,NO
8761,4,2012,17750880,5.099999904632568,100,NO,NO
8761,4,2012,18124439,6.03000020980835,40,NO,NO
8761,4,2012,18340990,5.679999828338623,70,NO,NO
8761,4,2012,19727880,6.5,10,NO,SI
8761,4,2012,20143656,6,50,NO,NO
8761,4,2012,20955241,5.849999904632568,60,NO,NO
8761,4,2012,20986047,6.25,30,NO,SI
8761,4,2012,21131279,6.079999923706055,40,NO,NO
8761,4,2012,23239153,5.429999828338623,90,NO,NO
8761,4,2012,23478249,5.550000190734863,80,NO,NO
8761,4,2012,23518917,5.929999828338623,50,NO,NO
8761,4,2012,574368,5.179999828338623,100,NO,NO
8761,4,2012,1600755,5.329999923706055,90,NO,NO
8761,4,2012,1725256,5.650000095367432,70,NO,NO
8761,4,2012,2948395,6.5,10,NO,SI
8761,4,2012,3664851,6.03000020980835,40,NO,NO
8761,4,2012,3899385,5.429999828338623,90,NO,NO
8761,4,2012,4214680,6.179999828338623,30,NO,SI
8761,4,2012,4720815,5.480000019073486,80,NO,NO
8761,4,2012,4731390,5.800000190734863,60,NO,NO
8761,4,2012,5376650,5.579999923706055,70,NO,NO
8761,4,2012,6269006,6.380000114440918,20,NO,SI
8761,4,2012,7286040,5.800000190734863,60,NO,NO
8761,4,2012,7298718,5.400000095367432,90,NO,NO
8761,4,2012,7377186,6.480000019073486,10,NO,SI
8761,4,2012,8065672,5.800000190734863,60,NO,NO
8761,4,2012,9292319,6.449999809265137,20,NO,SI
8761,4,2012,10835078,5.230000019073486,90,NO,NO
8761,4,2012,12710040,6.429999828338623,20,NO,SI
8761,4,2012,13184695,5.829999923706055,60,NO,NO
8761,4,2012,16140776,6.300000190734863,20,NO,SI
8761,4,2012,18177464,5.880000114440918,50,NO,NO
8761,4,2012,22782239,6.78000020980835,10,NO,SI
8761,4,2012,23876078,6.579999923706055,10,NO,SI
8761,4,2012,535641,4.880000114440918,100,NO,NO
8761,4,2012,1928904,6.179999828338623,30,NO,SI
8761,4,2012,4064935,5.5,80,NO,NO
8761,4,2012,6219280,5.150000095367432,100,NO,NO
8761,4,2012,6484226,6.099999904632568,40,NO,NO
8761,4,2012,8285503,5.880000114440918,50,NO,NO
8761,4,2012,9046805,6.079999923706055,40,NO,NO
8761,4,2012,9046806,5.929999828338623,50,NO,NO
8761,4,2012,9358858,5.75,70,NO,NO
8761,4,2012,9615077,6.25,30,NO,SI
8761,4,2012,10445109,6.400000095367432,20,NO,SI
8761,4,2012,10909399,6.28000020980835,20,NO,SI
8761,4,2012,13321621,6.28000020980835,20,NO,SI
8761,4,2012,13322687,6.650000095367432,10,NO,SI
8761,4,2012,14050485,6.150000095367432,30,NO,SI
8761,4,2012,14159279,6.130000114440918,40,NO,NO
8761,4,2012,14534311,5.730000019073486,70,NO,NO
8761,4,2012,14602517,6.630000114440918,10,NO,SI
8761,4,2012,14786914,5.699999809265137,70,NO,NO
8761,4,2012,15810271,5.03000020980835,100,NO,NO
8761,4,2012,16062818,5.5,80,NO,NO
8761,4,2012,16218406,5.849999904632568,60,NO,NO
8761,4,2012,16414715,6.480000019073486,10,NO,SI
8761,4,2012,17788706,6.130000114440918,40,NO,NO
8761,4,2012,17998221,6.230000019073486,30,NO,SI
8761,4,2012,19224709,5.949999809265137,50,NO,NO
8761,4,2012,20775321,5.380000114440918,90,NO,NO
8761,4,2012,23027266,6.079999923706055,40,NO,NO
8761,4,2012,23495787,6.699999809265137,10,NO,SI
8761,4,2012,24680001,5.5,80,NO,NO
8761,4,2012,24737132,5.579999923706055,70,NO,NO
9244,4,2020,19997017,5.699999809265137,80,NO,NO
25172,4,2020,604472,5.679999828338623,100,NO,NO
8827,3,2020,3423313,6,40,NO,NO
11871,4,2020,3218108,6.730000019073486,20,NO,SI
8870,4,2019,7526787,5.849999904632568,60,NO,NO
9259,4,2019,4527956,5.46999979019165,70,NO,NO
12086,4,2020,4829909,5.699999809265137,100,NO,NO
11971,4,2019,14427065,6.579999923706055,20,NO,SI
25310,4,2019,16980708,5.949999809265137,80,NO,NO
25373,4,2019,19672847,6.550000190734863,10,SI,NO
25172,4,2018,2494696,6.329999923706055,40,NO,NO
8926,1,2018,5851851,6.550000190734863,10,SI,NO
14912,3,2018,9808550,5.650000095367432,70,NO,NO
25373,4,2019,19858165,4.949999809265137,90,NO,NO
9277,4,2018,4103091,5.630000114440918,50,NO,NO
24944,4,2018,20474049,5.800000190734863,90,NO,NO
14379,4,2018,3134425,6.050000190734863,50,NO,NO
9267,4,2018,12076550,6.5,20,NO,SI
15676,3,2019,16538712,5,90,NO,NO
10724,4,2017,20084598,5.679999828338623,80,NO,NO
8485,2,2017,17801820,5.429999828338623,90,NO,NO
25224,4,2016,17644585,5.800000190734863,30,NO,SI
11971,4,2016,4065662,5.980000019073486,60,NO,NO
9271,4,2016,6849310,6.380000114440918,50,NO,NO
25666,4,2017,19944451,6.679999828338623,10,NO,SI
10715,3,2014,6141221,5.150000095367432,70,NO,NO
11971,4,2014,12473768,5.349999904632568,100,NO,NO
3300,3,2014,18531904,6.429999828338623,30,NO,SI
8974,4,2014,24398658,5.300000190734863,90,NO,NO
9004,4,2014,2255883,5.929999828338623,60,NO,NO
9003,4,2014,20869268,6.25,30,NO,SI
12090,4,2014,12392990,5.230000019073486,80,NO,NO
2326,3,2015,24244528,5.25,80,NO,NO
16470,4,2013,23858387,5.329999923706055,100,NO,NO
25373,4,2012,17823573,5.550000190734863,50,NO,NO
8761,4,2012,17167661,5.53000020980835,80,NO,NO
9277,4,2012,22490935,5.329999923706055,70,NO,NO
8495,2,2013,1975392,5.78000020980835,20,NO,SI
8761,4,2011,690381,6.079999923706055,30,NO,SI
8761,4,2011,1626943,5.150000095367432,90,NO,NO
8761,4,2011,3189854,6.300000190734863,20,NO,SI
8761,4,2011,3977103,5.550000190734863,60,NO,NO
8761,4,2011,4535723,5.03000020980835,100,NO,NO
8761,4,2011,4542490,6.300000190734863,20,NO,SI
8761,4,2011,4712872,5.630000114440918,60,NO,NO
8761,4,2011,4834815,4.929999828338623,100,NO,NO
8761,4,2011,5101141,6.050000190734863,30,NO,SI
8761,4,2011,5970601,5.03000020980835,100,NO,NO
8761,4,2011,7708386,5.380000114440918,80,NO,NO
8761,4,2011,8437224,5.829999923706055,40,NO,NO
8761,4,2011,9686966,5.429999828338623,80,NO,NO
8761,4,2011,10109367,5.630000114440918,60,NO,NO
8761,4,2011,12570930,5.53000020980835,70,NO,NO
8761,4,2011,12699352,5.449999809265137,80,NO,NO
8761,4,2011,13164370,5.300000190734863,80,NO,NO
8761,4,2011,14182994,4.949999809265137,100,NO,NO
8761,4,2011,14520975,6.03000020980835,40,NO,NO
8761,4,2011,15765622,5.650000095367432,60,NO,NO
8761,4,2011,15947842,5.429999828338623,80,NO,NO
8761,4,2011,15973112,5.099999904632568,90,NO,NO
8761,4,2011,16752475,5.75,50,NO,NO
8761,4,2011,16956830,5.25,80,NO,NO
8761,4,2011,22440321,5.800000190734863,50,NO,NO
8761,4,2011,23693703,5.630000114440918,60,NO,NO
8761,4,2011,24291493,6.380000114440918,10,NO,SI
8761,4,2011,24611809,6.099999904632568,30,NO,SI
8761,4,2011,24889196,5.550000190734863,60,NO,NO
8761,4,2011,6215,6.53000020980835,10,NO,SI
8761,4,2011,1962554,5.599999904632568,60,NO,NO
8761,4,2011,2088828,5.949999809265137,40,NO,NO
8761,4,2011,4266639,5.400000095367432,80,NO,NO
8761,4,2011,4541013,6.5,10,NO,SI
8761,4,2011,4996932,6.050000190734863,30,NO,SI
8761,4,2011,5831660,5.099999904632568,90,NO,NO
8761,4,2011,6690854,6.300000190734863,20,NO,SI
8761,4,2011,8495554,5.679999828338623,50,NO,NO
8761,4,2011,9294213,6.429999828338623,10,NO,SI
8761,4,2011,9534276,6.730000019073486,10,NO,SI
8761,4,2011,10799991,5.650000095367432,60,NO,NO
8761,4,2011,12670131,5.53000020980835,70,NO,NO
8761,4,2011,13172372,6.5,10,NO,SI
8761,4,2011,14819279,5.5,70,NO,NO
8761,4,2011,15196680,5.599999904632568,60,NO,NO
8761,4,2011,15729701,6.380000114440918,10,NO,SI
8761,4,2011,16011351,5.300000190734863,80,NO,NO
8761,4,2011,17025534,5.599999904632568,60,NO,NO
8761,4,2011,17375758,5.230000019073486,90,NO,NO
8761,4,2011,19311337,5.78000020980835,50,NO,NO
8761,4,2011,21160163,5.150000095367432,90,NO,NO
8761,4,2011,22611787,5.800000190734863,50,NO,NO
8761,4,2011,23016742,5.5,70,NO,NO
8761,4,2011,23205054,5.480000019073486,70,NO,NO
8761,4,2011,23261589,5.179999828338623,90,NO,NO
8761,4,2011,23741100,5.78000020980835,50,NO,NO
8761,4,2011,24563113,5.480000019073486,70,NO,NO
8761,4,2011,24891384,5.199999809265137,90,NO,NO
8761,4,2011,3119822,5.079999923706055,100,NO,NO
8761,4,2011,4209343,5.980000019073486,40,NO,NO
8761,4,2011,5220049,6.099999904632568,30,NO,SI
8761,4,2011,6389935,6.150000095367432,30,NO,SI
8761,4,2011,6635506,6.230000019073486,20,NO,SI
8761,4,2011,7719286,6.050000190734863,30,NO,SI
8761,4,2011,7863589,5.929999828338623,40,NO,NO
8761,4,2011,8046926,6.630000114440918,10,NO,SI
8761,4,2011,8232490,6.349999904632568,20,NO,SI
8761,4,2011,8815674,6.5,10,NO,SI
8761,4,2011,9507187,6.579999923706055,10,NO,SI
8761,4,2011,10079674,5.800000190734863,50,NO,NO
8761,4,2011,13357921,5.579999923706055,60,NO,NO
8761,4,2011,14014049,6.050000190734863,30,NO,SI
8761,4,2011,15168789,6.179999828338623,20,NO,SI
8761,4,2011,15297431,5.75,50,NO,NO
8761,4,2011,15968985,5.5,70,NO,NO
8761,4,2011,17090356,5.949999809265137,40,NO,NO
8761,4,2011,18256365,5.630000114440918,60,NO,NO
8761,4,2011,19762700,5.230000019073486,90,NO,NO
8761,4,2011,20549852,5.329999923706055,80,NO,NO
8761,4,2011,24073558,5.849999904632568,40,NO,NO
8761,4,2011,330454,5.900000095367432,40,NO,NO
8761,4,2011,1350493,5.78000020980835,50,NO,NO
8761,4,2011,1447484,4.929999828338623,100,NO,NO
8761,4,2011,1625082,5.53000020980835,70,NO,NO
8761,4,2011,4913534,5.179999828338623,90,NO,NO
8761,4,2011,7231526,6.25,20,NO,SI
8761,4,2011,7785995,6.099999904632568,30,NO,SI
8761,4,2011,8647568,5.449999809265137,80,NO,NO
8761,4,2011,14143234,5.130000114440918,90,NO,NO
8761,4,2011,15506535,5,100,NO,NO
8761,4,2011,15885077,6.449999809265137,10,NO,SI
8761,4,2011,15944138,5.900000095367432,40,NO,NO
8761,4,2011,16597138,5.550000190734863,60,NO,NO
8761,4,2011,17840985,6.300000190734863,20,NO,SI
8761,4,2011,17861446,5.03000020980835,100,NO,NO
8761,4,2011,19511559,6.079999923706055,30,NO,SI
8761,4,2011,20815330,5.699999809265137,50,NO,NO
8761,4,2011,21252037,6.28000020980835,20,NO,SI
8761,4,2011,21312704,5.949999809265137,40,NO,NO
8761,4,2011,22092862,5.199999809265137,90,NO,NO
8761,4,2011,22262437,5.099999904632568,90,NO,NO
8761,4,2011,24580574,6.300000190734863,20,NO,SI
26238,4,2020,17822821,6.329999923706055,50,NO,NO
9053,4,2020,23784963,6.429999828338623,40,NO,NO
26080,4,2020,5831611,6.03000020980835,70,NO,NO
24944,4,2019,20126571,6.349999904632568,70,NO,NO
25373,4,2018,5339111,5.199999809265137,80,NO,NO
9250,4,2018,22245736,6.599999904632568,20,NO,SI
26399,4,2017,6877772,5.949999809265137,60,NO,NO
11871,4,2017,15845818,6.449999809265137,40,NO,NO
1777,4,2017,2483905,6.25,40,NO,NO
9217,4,2017,10290402,5.599999904632568,90,NO,NO
31010,2,2017,5766593,5.679999828338623,80,NO,NO
25373,4,2017,8921292,5.480000019073486,40,NO,NO
24985,4,2016,10843131,5.679999828338623,80,NO,NO
8485,2,2016,4339945,6.199999809265137,30,NO,SI
8870,4,2016,16989498,5.699999809265137,80,NO,NO
24678,4,2018,20087360,5.449999809265137,60,NO,NO
9249,4,2015,14768181,6.099999904632568,50,NO,NO
24801,4,2015,2781274,4.829999923706055,100,NO,NO
8892,4,2015,5248949,5.630000114440918,90,NO,NO
10900,4,2014,918438,6.28000020980835,30,NO,SI
8485,2,2015,8137358,6.429999828338623,20,NO,SI
8609,4,2014,16939157,5.679999828338623,70,NO,NO
24795,4,2014,16047527,5.230000019073486,30,NO,SI
8491,2,2014,16161205,6.050000190734863,20,NO,SI
9230,4,2013,24613183,6.150000095367432,30,NO,SI
7706,3,2013,6756147,5.829999923706055,40,NO,NO
24795,4,2014,5276214,5.179999828338623,50,NO,NO
8883,4,2012,16733150,5.079999923706055,80,NO,NO
25686,4,2014,24962396,6.599999904632568,10,NO,SI
8919,4,2012,11032462,5.730000019073486,60,NO,NO
7706,3,2011,12767979,5.550000190734863,70,NO,NO
8761,4,2010,20799976,6.28000020980835,20,NO,SI
8761,4,2010,4748682,5.949999809265137,40,NO,NO
8761,4,2010,774248,5.449999809265137,70,NO,NO
8761,4,2010,20850426,6.079999923706055,30,NO,SI
8761,4,2010,18268580,6.349999904632568,10,NO,SI
8761,4,2010,23211034,6.480000019073486,10,NO,SI
8761,4,2010,18569587,5.079999923706055,100,NO,NO
8761,4,2010,22512645,6.329999923706055,20,NO,SI
8761,4,2010,17272835,6.28000020980835,20,NO,SI
8761,4,2010,19077624,6.5,10,NO,SI
8761,4,2010,15592160,5.849999904632568,40,NO,NO
8761,4,2010,10903036,6.03000020980835,30,NO,SI
8761,4,2010,5126059,5.800000190734863,50,NO,NO
8761,4,2010,4996525,5.429999828338623,70,NO,NO
8761,4,2010,18277672,5.679999828338623,60,NO,NO
8761,4,2010,14135016,5.28000020980835,80,NO,NO
8761,4,2010,7381151,6.099999904632568,30,NO,SI
8761,4,2010,2316344,5.829999923706055,50,NO,NO
8761,4,2010,590815,6.050000190734863,30,NO,SI
8761,4,2010,2934020,6.199999809265137,20,NO,SI
8761,4,2010,8460276,5.75,50,NO,NO
8761,4,2010,1074310,5.550000190734863,70,NO,NO
8761,4,2010,6011589,5.880000114440918,40,NO,NO
8761,4,2010,14397753,6.199999809265137,20,NO,SI
8761,4,2010,397741,5.650000095367432,60,NO,NO
8761,4,2010,8251482,5.699999809265137,50,NO,NO
8761,4,2010,11623058,5.179999828338623,90,NO,NO
8761,4,2010,14514783,6.429999828338623,10,NO,SI
8761,4,2010,13551838,6.5,10,NO,SI
8761,4,2010,5407264,5.75,50,NO,NO
8761,4,2010,24240303,5.53000020980835,70,NO,NO
8761,4,2010,1763132,5.25,80,NO,NO
8761,4,2010,21258166,4.980000019073486,100,NO,NO
8761,4,2010,22162379,6.25,20,NO,SI
8761,4,2010,23694872,5.130000114440918,90,NO,NO
8761,4,2010,21906006,5.650000095367432,60,NO,NO
8761,4,2010,19092609,5.679999828338623,60,NO,NO
8761,4,2010,262173,4.980000019073486,100,NO,NO
8761,4,2010,20446132,4.949999809265137,100,NO,NO
8761,4,2010,9833761,5.599999904632568,60,NO,NO
8761,4,2010,6889126,5.5,70,NO,NO
8761,4,2010,7422815,5.429999828338623,70,NO,NO
8761,4,2010,6011475,6.03000020980835,30,NO,SI
8761,4,2010,1491279,5.28000020980835,80,NO,NO
8761,4,2010,2958520,6.130000114440918,30,NO,SI
8761,4,2010,3423381,6.630000114440918,10,NO,SI
8761,4,2010,22996323,5.949999809265137,40,NO,NO
8761,4,2010,23459794,5,100,NO,NO
8761,4,2010,14223078,5.349999904632568,80,NO,NO
8761,4,2010,21052917,6.730000019073486,10,NO,SI
8761,4,2010,8663846,5.400000095367432,80,NO,NO
8761,4,2010,13326226,5.880000114440918,40,NO,NO
8761,4,2010,4811750,5.050000190734863,100,NO,NO
8761,4,2010,22175292,5.230000019073486,90,NO,NO
8761,4,2010,10542068,5.53000020980835,70,NO,NO
8761,4,2010,8595525,5.78000020980835,50,NO,NO
8761,4,2010,17000545,5.079999923706055,100,NO,NO
8761,4,2010,12975406,6.150000095367432,30,NO,SI
8761,4,2010,6328139,6.050000190734863,30,NO,SI
8761,4,2010,1964229,5,100,NO,NO
8761,4,2010,13141718,5.199999809265137,90,NO,NO
8761,4,2010,15899584,5.050000190734863,100,NO,NO
8761,4,2010,10033164,5.25,80,NO,NO
8761,4,2010,15395034,5.980000019073486,40,NO,NO
8761,4,2010,17664362,5.380000114440918,80,NO,NO
8761,4,2010,14662833,5.679999828338623,60,NO,NO
8761,4,2010,1806822,5.150000095367432,90,NO,NO
8761,4,2010,23917803,5.28000020980835,80,NO,NO
8761,4,2010,20467480,5.730000019073486,50,NO,NO
8761,4,2010,23445601,6.53000020980835,10,NO,SI
8761,4,2010,13285889,6.349999904632568,10,NO,SI
8761,4,2010,17042699,5.800000190734863,50,NO,NO
8761,4,2010,13863429,5,100,NO,NO
8761,4,2010,4408644,5.75,50,NO,NO
8761,4,2010,9972994,6.800000190734863,10,NO,SI
8761,4,2010,14638092,4.900000095367432,100,NO,NO
8761,4,2010,18579832,5.630000114440918,60,NO,NO
8761,4,2010,9079680,5.579999923706055,70,NO,NO
8761,4,2010,10754592,5.630000114440918,60,NO,NO
8761,4,2010,22579317,5.849999904632568,40,NO,NO
8761,4,2010,2164556,5.699999809265137,50,NO,NO
8761,4,2010,16072816,5.599999904632568,60,NO,NO
8761,4,2010,17080281,5.650000095367432,60,NO,NO
8761,4,2010,8777076,5.429999828338623,70,NO,NO
8761,4,2010,5809062,5.300000190734863,80,NO,NO
8761,4,2010,15153111,5.849999904632568,40,NO,NO
8761,4,2010,24505487,5.949999809265137,40,NO,NO
8761,4,2010,16264536,6.300000190734863,20,NO,SI
8761,4,2010,21172220,5.929999828338623,40,NO,NO
8761,4,2010,22935640,5.25,80,NO,NO
8761,4,2010,5239235,5.150000095367432,90,NO,NO
8761,4,2010,14503778,6.28000020980835,20,NO,SI
8761,4,2010,286109,5.75,50,NO,NO
8761,4,2010,10300038,5.380000114440918,80,NO,NO
8761,4,2010,22106225,5.199999809265137,90,NO,NO
8761,4,2010,18620587,5.949999809265137,40,NO,NO
8761,4,2010,23446187,6.480000019073486,10,NO,SI
8761,4,2010,1685981,5.300000190734863,80,NO,NO
8761,4,2010,18083386,5.25,80,NO,NO
8761,4,2010,18740230,5.53000020980835,70,NO,NO
8761,4,2010,19446805,6.199999809265137,20,NO,SI
8761,4,2010,21672439,5.980000019073486,40,NO,NO
8761,4,2010,19397726,5,100,NO,NO
8761,4,2010,16555284,6.050000190734863,30,NO,SI
8761,4,2010,8835815,6.28000020980835,20,NO,SI
8761,4,2010,11364038,5.550000190734863,70,NO,NO
8761,4,2010,21511027,6.130000114440918,30,NO,SI
8761,4,2010,14857791,5.599999904632568,60,NO,NO
8761,4,2010,24178702,6.230000019073486,20,NO,SI
8761,4,2010,6646652,5.599999904632568,60,NO,NO
8761,4,2010,2514137,5.880000114440918,40,NO,NO
8761,4,2010,17163490,5.230000019073486,90,NO,NO
8761,4,2010,6257474,6.300000190734863,20,NO,SI
8761,4,2010,13252010,5.550000190734863,70,NO,NO
8761,4,2010,7119280,5.730000019073486,50,NO,NO
8761,4,2010,3314474,6.630000114440918,10,NO,SI
8761,4,2010,20302673,6.079999923706055,30,NO,SI
8761,4,2010,4784457,5.230000019073486,90,NO,NO
8761,4,2010,7975755,6.699999809265137,10,NO,SI
8761,4,2010,21156140,6,30,NO,SI
8761,4,2010,17520650,5.550000190734863,70,NO,NO
8761,4,2010,24016592,5.349999904632568,80,NO,NO
13384,3,2020,353349,5.679999828338623,50,NO,NO
25785,4,2020,2565668,6.199999809265137,30,NO,SI
9271,4,2020,7185559,6.849999904632568,10,SI,NO
25770,1,2020,6128178,6.630000114440918,20,NO,SI
9244,4,2020,16599886,5.53000020980835,90,NO,NO
9221,4,2020,24636594,5.75,80,NO,NO
8854,3,2020,10805261,6.179999828338623,20,NO,SI
25329,4,2020,11218289,6.429999828338623,70,NO,NO
24319,4,2020,13351909,5.380000114440918,70,NO,NO
20519,4,2020,14924794,5.329999923706055,80,NO,NO
8926,1,2020,16543569,6.75,10,SI,NO
1634,4,2020,18122992,6.179999828338623,40,NO,NO
25202,4,2020,24769154,5.829999923706055,90,NO,NO
2200,4,2019,24253890,6.429999828338623,30,NO,SI
9246,4,2019,230959,5.599999904632568,90,NO,NO
1190,3,2019,3571878,6.650000095367432,10,SI,NO
8950,4,2019,20940699,6.199999809265137,30,NO,SI
25143,4,2018,10136456,6.699999809265137,10,SI,NO
25852,4,2019,18925020,6.099999904632568,30,NO,SI
24625,4,2020,107354,5.300000190734863,80,NO,NO
20400,4,2018,2228269,6.400000095367432,30,NO,SI
9277,4,2018,6789867,5.349999904632568,80,NO,NO
8966,4,2019,12493170,5.579999923706055,90,NO,NO
1190,3,2018,18573271,6.03000020980835,50,NO,NO
1194,2,2018,3093260,5.199999809265137,90,NO,NO
8854,3,2018,6357016,5.730000019073486,50,NO,NO
1801,3,2018,7044384,6.130000114440918,40,NO,NO
25055,4,2017,838323,6.53000020980835,30,NO,SI
8861,3,2017,2305720,5.300000190734863,100,NO,NO
1403,4,2018,3639122,5.679999828338623,70,NO,NO
14498,4,2017,4763221,6.179999828338623,20,NO,SI
25143,4,2017,7897685,6.179999828338623,50,NO,NO
1225,4,2017,17948406,5.599999904632568,70,NO,NO
25348,4,2017,19961412,6.380000114440918,40,NO,NO
9035,4,2016,5339321,5.230000019073486,80,NO,NO
25172,4,2016,12413920,6.099999904632568,40,NO,NO
2785,3,2016,6630177,5.179999828338623,70,NO,NO
25478,4,2015,1380908,6.179999828338623,40,NO,NO
8485,2,2015,9909824,6.480000019073486,10,NO,SI
8485,2,2015,15304807,6.03000020980835,50,NO,NO
8485,2,2015,13170770,5.78000020980835,70,NO,NO
8854,3,2015,15075532,5.349999904632568,80,NO,NO
25496,3,2015,18927231,5.650000095367432,40,NO,NO
25373,4,2014,2660061,5.230000019073486,90,NO,NO
26305,4,2013,17654440,5.079999923706055,90,NO,NO
14498,4,2013,8507979,5.800000190734863,60,NO,NO
8849,3,2013,15999794,5.179999828338623,70,NO,NO
8768,3,2013,17854306,5.630000114440918,20,NO,SI
8959,4,2011,21270966,5.230000019073486,70,NO,NO
8761,4,2009,335899,6.079999923706055,30,NO,SI
8761,4,2009,635310,5.429999828338623,70,NO,NO
8761,4,2009,830287,5.349999904632568,80,NO,NO
8761,4,2009,3061713,5.829999923706055,50,NO,NO
8761,4,2009,4939550,6.599999904632568,10,NO,SI
8761,4,2009,5859167,5.900000095367432,50,NO,NO
8761,4,2009,5992670,5.079999923706055,90,NO,NO
8761,4,2009,6380250,5.400000095367432,70,NO,NO
8761,4,2009,8224199,5.949999809265137,40,NO,NO
8761,4,2009,9546536,5.380000114440918,70,NO,NO
8761,4,2009,10251811,5.230000019073486,80,NO,NO
8761,4,2009,10650168,5.079999923706055,90,NO,NO
8761,4,2009,11133139,5.349999904632568,80,NO,NO
8761,4,2009,11949272,5.480000019073486,70,NO,NO
8761,4,2009,14880781,6.050000190734863,30,NO,SI
8761,4,2009,15138067,4.880000114440918,100,NO,NO
8761,4,2009,16830909,5.929999828338623,40,NO,NO
8761,4,2009,17734860,5.480000019073486,70,NO,NO
8761,4,2009,19002362,6.5,10,NO,SI
8761,4,2009,19591759,5.980000019073486,40,NO,NO
8761,4,2009,19601981,5.53000020980835,60,NO,NO
8761,4,2009,20139318,5.079999923706055,90,NO,NO
8761,4,2009,20294707,5.380000114440918,70,NO,NO
8761,4,2009,20675753,5.099999904632568,90,NO,NO
8761,4,2009,22926553,6.230000019073486,30,NO,SI
8761,4,2009,24199215,5.130000114440918,90,NO,NO
8761,4,2009,24508104,5.329999923706055,80,NO,NO
8761,4,2009,24901627,5.230000019073486,80,NO,NO
8761,4,2009,351925,4.929999828338623,100,NO,NO
8761,4,2009,2471649,6,40,NO,NO
8761,4,2009,2816970,4.980000019073486,100,NO,NO
8761,4,2009,2959761,6.050000190734863,30,NO,SI
8761,4,2009,3038728,5.380000114440918,70,NO,NO
8761,4,2009,3369694,6.199999809265137,30,NO,SI
8761,4,2009,4051169,5.78000020980835,50,NO,NO
8761,4,2009,4968326,6.429999828338623,20,NO,SI
8761,4,2009,7044527,6.380000114440918,20,NO,SI
8761,4,2009,7513815,6.300000190734863,30,NO,SI
8761,4,2009,7543203,6.050000190734863,30,NO,SI
8761,4,2009,10841609,5.480000019073486,70,NO,NO
8761,4,2009,11332917,6.829999923706055,10,NO,SI
8761,4,2009,13337209,5.25,80,NO,NO
8761,4,2009,13507466,5.900000095367432,50,NO,NO
8761,4,2009,13525360,5.630000114440918,60,NO,NO
8761,4,2009,15989837,5.130000114440918,90,NO,NO
8761,4,2009,20204997,5.329999923706055,80,NO,NO
8761,4,2009,20516264,6.349999904632568,20,NO,SI
8761,4,2009,20609638,6.5,10,NO,SI
8761,4,2009,20914544,5.78000020980835,50,NO,NO
8761,4,2009,21110833,5.880000114440918,50,NO,NO
8761,4,2009,21449812,5.730000019073486,50,NO,NO
8761,4,2009,21855070,6.099999904632568,30,NO,SI
8761,4,2009,22991672,6,40,NO,NO
8761,4,2009,23056546,6.630000114440918,10,NO,SI
8761,4,2009,1021823,6.349999904632568,20,NO,SI
8761,4,2009,1335786,6.429999828338623,20,NO,SI
8761,4,2009,2987510,5.53000020980835,60,NO,NO
8761,4,2009,3289709,5.699999809265137,60,NO,NO
8761,4,2009,3789766,5,100,NO,NO
8761,4,2009,5413909,5.050000190734863,100,NO,NO
8761,4,2009,7362368,6.53000020980835,10,NO,SI
8761,4,2009,8560541,6.730000019073486,10,NO,SI
8761,4,2009,8883119,5.650000095367432,60,NO,NO
8761,4,2009,9933046,5.230000019073486,80,NO,NO
8761,4,2009,10324755,5.78000020980835,50,NO,NO
8761,4,2009,10665514,6.730000019073486,10,NO,SI
8761,4,2009,10687286,4.800000190734863,100,NO,NO
8761,4,2009,10841610,6.730000019073486,10,NO,SI
8761,4,2009,12675069,6.400000095367432,20,NO,SI
8761,4,2009,12914949,5.480000019073486,70,NO,NO
8761,4,2009,13127362,5.079999923706055,90,NO,NO
8761,4,2009,14616715,6.03000020980835,40,NO,NO
8761,4,2009,14978072,6.550000190734863,10,NO,SI
8761,4,2009,15539698,4.980000019073486,100,NO,NO
8761,4,2009,18136229,5.929999828338623,40,NO,NO
8761,4,2009,19275801,5.630000114440918,60,NO,NO
8761,4,2009,20815305,6.380000114440918,20,NO,SI
8761,4,2009,21144502,5.53000020980835,60,NO,NO
8761,4,2009,22563099,5.699999809265137,60,NO,NO
8761,4,2009,22907867,5,100,NO,NO
8761,4,2009,24498930,6.179999828338623,30,NO,SI
8761,4,2009,24982617,5.53000020980835,60,NO,NO
9053,4,2020,93426,6.599999904632568,20,NO,SI
8992,4,2020,10764184,6.349999904632568,80,NO,NO
25065,4,2020,20736371,6.199999809265137,60,NO,NO
8906,4,2019,6247453,6.050000190734863,60,NO,NO
9271,4,2020,16461569,5.980000019073486,90,NO,NO
9250,4,2019,17574499,5.28000020980835,100,NO,NO
11681,4,2019,3896727,5.949999809265137,40,NO,NO
24491,4,2019,11600223,5.179999828338623,90,NO,NO
8938,3,2018,8767736,5.079999923706055,80,NO,NO
26476,4,2018,266907,5.380000114440918,90,NO,NO
25402,3,2018,11287017,6.829999923706055,10,SI,NO
24473,3,2020,24908003,5.449999809265137,70,NO,NO
2166,3,2018,5926474,5.880000114440918,30,NO,SI
9250,4,2017,5130760,5.849999904632568,70,NO,NO
8969,4,2017,4297139,6.150000095367432,60,NO,NO
8491,2,2018,5740662,5.269999980926514,80,NO,NO
12573,3,2017,17303739,5.179999828338623,50,NO,NO
9003,4,2017,4034617,6.550000190734863,20,NO,SI
9053,4,2017,5641184,5.980000019073486,40,NO,NO
31276,4,2017,17909873,6.679999828338623,10,NO,SI
11237,4,2017,20661983,5.300000190734863,80,NO,NO
26134,4,2016,6472481,6.449999809265137,10,NO,SI
9259,3,2016,10195038,5.650000095367432,60,NO,NO
9039,4,2016,17599028,5.849999904632568,60,NO,NO
25329,4,2017,24037234,5.949999809265137,80,NO,NO
9244,4,2015,9480451,5.300000190734863,100,NO,NO
9406,1,2015,20929435,5.25,50,NO,NO
8609,4,2015,21817762,6.099999904632568,30,NO,SI
8815,1,2015,1066559,5.800000190734863,40,NO,NO
25373,4,2016,8409623,5.800000190734863,30,NO,SI
9004,4,2015,12571357,5.53000020980835,90,NO,NO
8854,3,2015,18435579,5.380000114440918,70,NO,NO
8906,4,2015,20271710,5.579999923706055,90,NO,NO
8854,3,2015,23897212,5.78000020980835,40,NO,NO
25478,4,2014,9137221,5.880000114440918,70,NO,NO
8485,2,2014,11479030,6.150000095367432,30,NO,SI
8888,4,2014,15974056,6.099999904632568,50,NO,NO
9053,4,2014,2355136,6.050000190734863,70,NO,NO
9035,4,2014,7834576,4.949999809265137,100,NO,NO
8485,2,2014,13575587,5.800000190734863,60,NO,NO
8757,4,2014,21459489,6.079999923706055,60,NO,NO
25442,3,2014,21750207,5.5,60,NO,NO
8969,4,2014,22270780,5.230000019073486,90,NO,NO
25716,3,2014,2770664,5.349999904632568,50,NO,NO
9250,4,2013,6502854,6.150000095367432,40,NO,NO
9263,4,2014,15190570,5,100,NO,NO
25402,3,2013,23063673,6.5,10,NO,SI
8969,4,2013,24542552,5.099999904632568,100,NO,NO
24761,4,2013,1840473,5.599999904632568,40,NO,NO
8609,4,2013,11639598,6.150000095367432,30,NO,SI
8888,4,2013,13361555,6.03000020980835,60,NO,NO
12090,4,2013,1607849,5.079999923706055,90,NO,NO
8928,1,2012,14442855,5.480000019073486,60,NO,NO
8485,2,2013,16380395,5.429999828338623,90,NO,NO
9038,4,2011,3562273,4.849999904632568,90,NO,NO
8394,2,2011,21721209,5.300000190734863,70,NO,NO
9277,4,2011,6967085,5.179999828338623,90,NO,NO
25373,4,2011,11186661,5.199999809265137,60,NO,NO
9263,4,2011,15250295,5.079999923706055,90,NO,NO
24830,4,2012,18228992,5.53000020980835,50,NO,NO
24830,4,2012,1911491,5.179999828338623,80,NO,NO
8861,3,2011,9564994,6,50,NO,NO
25366,4,2011,9693343,6.230000019073486,20,NO,SI
24985,4,2012,11576848,5.53000020980835,60,NO,NO
8974,4,2012,14728557,5.5,60,NO,NO
25767,3,2012,15869354,5.230000019073486,60,NO,NO
8996,4,2010,13661120,6.130000114440918,50,NO,NO
9277,4,2009,16220610,6.050000190734863,20,NO,SI
24761,4,2009,6093980,5.349999904632568,30,NO,SI
1774,4,2009,9737957,6.25,50,NO,NO
8956,4,2009,4781641,4.980000019073486,100,NO,NO
8680,3,2009,15657298,5.630000114440918,50,NO,NO
8997,3,2009,17396024,5.650000095367432,20,NO,SI
8761,4,2008,91547,5.880000114440918,40,NO,NO
8761,4,2008,442544,5.329999923706055,80,NO,NO
8761,4,2008,530287,5.679999828338623,50,NO,NO
8761,4,2008,1703109,5.550000190734863,60,NO,NO
8761,4,2008,2885738,6.179999828338623,20,NO,SI
8761,4,2008,3018731,5.380000114440918,70,NO,NO
8761,4,2008,5679898,5.199999809265137,90,NO,NO
8761,4,2008,8748638,5.550000190734863,60,NO,NO
8761,4,2008,9038855,5.800000190734863,40,NO,NO
8761,4,2008,9990374,5.730000019073486,50,NO,NO
8761,4,2008,10321393,6.099999904632568,30,NO,SI
8761,4,2008,11088985,5.329999923706055,80,NO,NO
8761,4,2008,11961832,6.400000095367432,10,NO,SI
8761,4,2008,12387186,6.099999904632568,30,NO,SI
8761,4,2008,12697670,5.579999923706055,60,NO,NO
8761,4,2008,12881176,5.400000095367432,70,NO,NO
8761,4,2008,15288463,6.800000190734863,10,NO,SI
8761,4,2008,15903031,5.099999904632568,90,NO,NO
8761,4,2008,16094365,6.099999904632568,30,NO,SI
8761,4,2008,17090441,5.730000019073486,50,NO,NO
8761,4,2008,17112925,6.349999904632568,10,NO,SI
8761,4,2008,17642208,5.03000020980835,100,NO,NO
8761,4,2008,18376875,5.230000019073486,90,NO,NO
8761,4,2008,18850892,6.429999828338623,10,NO,SI
8761,4,2008,18931576,5.349999904632568,80,NO,NO
8761,4,2008,20292005,6.699999809265137,10,NO,SI
8761,4,2008,20908462,6.579999923706055,10,NO,SI
8761,4,2008,21519405,5.329999923706055,80,NO,NO
8761,4,2008,22180207,5.679999828338623,50,NO,NO
8761,4,2008,22513550,5.849999904632568,40,NO,NO
8761,4,2008,24424764,6.329999923706055,10,NO,SI
8761,4,2008,24478660,4.900000095367432,100,NO,NO
8761,4,2008,50453,6.130000114440918,20,NO,SI
8761,4,2008,1788392,6.130000114440918,20,NO,SI
8761,4,2008,2828546,6.380000114440918,10,NO,SI
8761,4,2008,3136285,6.300000190734863,20,NO,SI
8761,4,2008,4434686,5.050000190734863,100,NO,NO
8761,4,2008,6999632,5.25,90,NO,NO
8761,4,2008,7396864,6.25,20,NO,SI
8761,4,2008,7442183,5.429999828338623,70,NO,NO
8761,4,2008,7651101,5.829999923706055,40,NO,NO
8761,4,2008,8867873,5.880000114440918,40,NO,NO
8761,4,2008,9263697,5.949999809265137,30,NO,SI
8761,4,2008,9466278,5.300000190734863,80,NO,NO
8761,4,2008,10265323,5.699999809265137,50,NO,NO
8761,4,2008,10928339,5.349999904632568,80,NO,NO
8761,4,2008,14853213,6.329999923706055,10,NO,SI
8761,4,2008,15179808,6.130000114440918,20,NO,SI
8761,4,2008,17001723,5.579999923706055,60,NO,NO
8761,4,2008,17159506,5.5,70,NO,NO
8761,4,2008,17249190,5.349999904632568,80,NO,NO
8761,4,2008,17594648,5.050000190734863,100,NO,NO
8761,4,2008,18932565,5.75,50,NO,NO
8761,4,2008,19367282,6.550000190734863,10,NO,SI
8761,4,2008,20225660,5.329999923706055,80,NO,NO
8761,4,2008,20348381,5.949999809265137,30,NO,SI
8761,4,2008,20847222,5.53000020980835,70,NO,NO
8761,4,2008,20950756,5.980000019073486,30,NO,SI
8761,4,2008,22038698,5.150000095367432,90,NO,NO
8761,4,2008,22366190,5.099999904632568,90,NO,NO
8761,4,2008,22847618,5.550000190734863,60,NO,NO
8761,4,2008,23458036,6.03000020980835,30,NO,SI
8761,4,2008,24069339,5.650000095367432,60,NO,NO
8761,4,2008,104611,5.53000020980835,70,NO,NO
8761,4,2008,243536,5.5,70,NO,NO
8761,4,2008,1054458,5.75,50,NO,NO
8761,4,2008,1153113,5.78000020980835,40,NO,NO
8761,4,2008,1445973,4.929999828338623,100,NO,NO
8761,4,2008,2793363,5.829999923706055,40,NO,NO
8761,4,2008,3262686,5.550000190734863,60,NO,NO
8761,4,2008,4965906,6.599999904632568,10,NO,SI
8761,4,2008,6356692,5.300000190734863,80,NO,NO
8761,4,2008,7225878,5.349999904632568,80,NO,NO
8761,4,2008,8074839,5.880000114440918,40,NO,NO
8761,4,2008,8551188,5.730000019073486,50,NO,NO
8761,4,2008,8738898,5.679999828338623,50,NO,NO
8761,4,2008,10236860,6.179999828338623,20,NO,SI
8761,4,2008,11302879,5.949999809265137,30,NO,SI
8761,4,2008,11447350,5,100,NO,NO
8761,4,2008,12436587,5.400000095367432,70,NO,NO
8761,4,2008,14280096,5.400000095367432,70,NO,NO
8761,4,2008,15370716,5.630000114440918,60,NO,NO
8761,4,2008,17160334,6.050000190734863,30,NO,SI
8761,4,2008,17954863,5,100,NO,NO
8761,4,2008,18360976,6.079999923706055,30,NO,SI
8761,4,2008,18669674,5.25,90,NO,NO
8761,4,2008,19401196,5,100,NO,NO
8761,4,2008,20105775,5.300000190734863,80,NO,NO
8761,4,2008,21023768,6.03000020980835,30,NO,SI
8761,4,2008,22521742,5.179999828338623,90,NO,NO
8761,4,2008,23459294,6.300000190734863,20,NO,SI
8761,4,2008,23773745,5.75,50,NO,NO
8761,4,2008,23967859,5.579999923706055,60,NO,NO
8966,4,2020,7791792,6.829999923706055,10,SI,NO
8892,4,2020,11473319,6.599999904632568,30,NO,SI
8944,3,2020,18035849,5.800000190734863,50,NO,NO
9042,4,2020,20087325,6.400000095367432,40,NO,NO
26476,4,2020,23752648,6.349999904632568,30,NO,SI
25065,4,2020,4485251,6.199999809265137,60,NO,NO
24836,4,2020,12347339,6.829999923706055,20,NO,SI
25693,3,2020,14938214,6.449999809265137,30,NO,SI
26001,3,2020,17004514,6.179999828338623,70,NO,NO
25650,4,2020,17893250,6.53000020980835,20,NO,SI
8825,2,2020,18558740,5.75,40,NO,NO
8609,4,2020,24575483,6.550000190734863,30,NO,SI
25751,3,2020,2312325,5.199999809265137,100,NO,NO
25172,4,2019,20269205,6.550000190734863,20,NO,SI
9250,4,2019,6921323,5.699999809265137,80,NO,NO
9250,4,2019,21017346,5.599999904632568,80,NO,NO
8928,1,2020,21370804,5.730000019073486,60,NO,NO
8923,4,2020,23612393,5.880000114440918,100,NO,NO
4163,2,2020,2862162,6,40,NO,NO
9071,1,2019,5124742,6.179999828338623,20,NO,SI
25202,4,2019,5505229,5.380000114440918,100,NO,NO
4798,4,2019,8906686,6.900000095367432,10,SI,NO
26507,4,2018,164439,5.579999923706055,90,NO,NO
24448,3,2018,10008098,5.800000190734863,60,NO,NO
9209,3,2018,21175628,6.53000020980835,10,SI,NO
9228,4,2019,1199880,4.929999828338623,90,NO,NO
25666,4,2019,7601750,5.230000019073486,80,NO,NO
25681,3,2018,14765316,5.599999904632568,40,NO,NO
2882,2,2018,1508885,5.28000020980835,90,NO,NO
1225,4,2018,23368525,5.880000114440918,60,NO,NO
9757,3,2019,5380570,5.579999923706055,60,NO,NO
25950,3,2018,13004471,6.480000019073486,10,SI,NO
11681,4,2019,19832021,5.579999923706055,80,NO,NO
8818,3,2019,21609617,5.5,60,NO,NO
24801,4,2020,23598423,5.349999904632568,90,NO,NO
8992,4,2017,10237323,6.03000020980835,70,NO,NO
12090,4,2017,20928724,5.230000019073486,80,NO,NO
8463,4,2017,7715911,6.730000019073486,10,NO,SI
1743,3,2018,12151934,5.699999809265137,40,NO,NO
8984,4,2017,2530662,6.599999904632568,10,NO,SI
4263,3,2017,8037546,5.199999809265137,80,NO,NO
9270,4,2016,5080383,5.25,70,NO,NO
24800,3,2017,8516913,5.079999923706055,90,NO,NO
8485,2,2016,13976263,5.980000019073486,50,NO,NO
25693,3,2016,21699000,6.28000020980835,20,NO,SI
8827,3,2016,19088997,5.079999923706055,90,NO,NO
24842,4,2015,20538585,5.630000114440918,50,NO,NO
9221,4,2015,6634068,4.679999828338623,100,NO,NO
25650,4,2014,1695991,5.5,70,NO,NO
8966,4,2014,9153027,5.679999828338623,90,NO,NO
8485,2,2013,6305861,6.550000190734863,10,NO,SI
13125,4,2013,15942611,6.25,40,NO,NO
8627,3,2014,3008977,5.550000190734863,50,NO,NO
9276,4,2013,6895997,5.25,100,NO,NO
9038,4,2014,16845403,5.150000095367432,70,NO,NO
25142,4,2014,20094873,5.400000095367432,70,NO,NO
9277,4,2013,20781839,5.25,70,NO,NO
24626,3,2013,3561703,5.550000190734863,50,NO,NO
24971,4,2012,17420715,4.78000020980835,100,NO,NO
25675,4,2011,9305000,5.53000020980835,60,NO,NO
8754,4,2013,22281275,5.079999923706055,100,NO,NO
9135,4,2010,11266749,5.449999809265137,50,NO,NO
8611,3,2009,17841311,5.03000020980835,100,NO,NO
13313,3,2008,11272621,4.880000114440918,100,NO,NO
24761,4,2008,7259422,5.449999809265137,30,NO,SI
24761,4,2008,19517675,5,70,NO,NO
9038,4,2008,14871809,5.199999809265137,70,NO,NO
8761,4,2007,1383417,4.730000019073486,100,NO,NO
8761,4,2007,2187314,5.130000114440918,90,NO,NO
8761,4,2007,2364122,5.079999923706055,90,NO,NO
8761,4,2007,2737788,6.25,20,NO,SI
8761,4,2007,3198019,5.630000114440918,50,NO,NO
8761,4,2007,4166043,5.880000114440918,40,NO,NO
8761,4,2007,4514227,5.28000020980835,80,NO,NO
8761,4,2007,6809852,5.150000095367432,90,NO,NO
8761,4,2007,7321596,6.28000020980835,20,NO,SI
8761,4,2007,8132164,5.980000019073486,40,NO,NO
8761,4,2007,10090649,5.179999828338623,90,NO,NO
8761,4,2007,11825009,6.599999904632568,10,NO,SI
8761,4,2007,15471569,4.980000019073486,100,NO,NO
8761,4,2007,15967213,5.099999904632568,90,NO,NO
8761,4,2007,16159980,5.28000020980835,80,NO,NO
8761,4,2007,16248843,6.28000020980835,20,NO,SI
8761,4,2007,18307524,5.550000190734863,60,NO,NO
8761,4,2007,19772113,5.800000190734863,40,NO,NO
8761,4,2007,19936186,5,100,NO,NO
8761,4,2007,20807136,6.480000019073486,10,NO,SI
8761,4,2007,21065277,6.449999809265137,10,NO,SI
8761,4,2007,21595957,6.349999904632568,20,NO,SI
8761,4,2007,22275889,5.380000114440918,70,NO,NO
8761,4,2007,23245852,5.579999923706055,50,NO,NO
8761,4,2007,24144042,6.349999904632568,20,NO,SI
8761,4,2007,24286352,6.650000095367432,10,NO,SI
8761,4,2007,962606,5.099999904632568,90,NO,NO
8761,4,2007,1243240,5.25,80,NO,NO
8761,4,2007,3619391,6.179999828338623,30,NO,SI
8761,4,2007,4089074,5.429999828338623,70,NO,NO
8761,4,2007,4426608,6,40,NO,NO
8761,4,2007,4472238,5.050000190734863,100,NO,NO
8761,4,2007,4853463,4.980000019073486,100,NO,NO
8761,4,2007,7158533,5.880000114440918,40,NO,NO
8761,4,2007,7515326,5.550000190734863,60,NO,NO
8761,4,2007,8472773,5.480000019073486,60,NO,NO
8761,4,2007,8528749,4.78000020980835,100,NO,NO
8761,4,2007,9380270,6.25,20,NO,SI
8761,4,2007,11369343,5.599999904632568,50,NO,NO
8761,4,2007,12526995,5.579999923706055,50,NO,NO
8761,4,2007,13143791,5.929999828338623,40,NO,NO
8761,4,2007,16482972,6.050000190734863,30,NO,SI
8761,4,2007,17569368,6.53000020980835,10,NO,SI
8761,4,2007,18305356,5.28000020980835,80,NO,NO
8761,4,2007,18341775,5.380000114440918,70,NO,NO
8761,4,2007,18708440,5.480000019073486,60,NO,NO
8761,4,2007,18749983,6.179999828338623,30,NO,SI
8761,4,2007,19693433,5.329999923706055,70,NO,NO
8761,4,2007,20655010,6.300000190734863,20,NO,SI
8761,4,2007,21728066,5.230000019073486,80,NO,NO
8761,4,2007,23381843,4.980000019073486,100,NO,NO
8761,4,2007,24521630,6.400000095367432,10,NO,SI
8761,4,2007,1118840,6.150000095367432,30,NO,SI
8761,4,2007,1760411,6.150000095367432,30,NO,SI
8761,4,2007,2203823,5.28000020980835,80,NO,NO
8761,4,2007,3511282,5.179999828338623,90,NO,NO
8761,4,2007,4140906,5.53000020980835,60,NO,NO
8761,4,2007,4924882,5.579999923706055,50,NO,NO
8761,4,2007,6952441,6.349999904632568,20,NO,SI
8761,4,2007,7168714,6.050000190734863,30,NO,SI
8761,4,2007,7958890,5.300000190734863,80,NO,NO
8761,4,2007,8103589,5.329999923706055,70,NO,NO
8761,4,2007,8266366,5.349999904632568,70,NO,NO
8761,4,2007,8283742,5.679999828338623,50,NO,NO
8761,4,2007,8348024,5.550000190734863,60,NO,NO
8761,4,2007,9583862,5.630000114440918,50,NO,NO
8761,4,2007,12355974,6.449999809265137,10,NO,SI
8761,4,2007,12584427,6.199999809265137,30,NO,SI
8761,4,2007,13196760,5.550000190734863,60,NO,NO
8761,4,2007,15438007,5.449999809265137,70,NO,NO
8761,4,2007,19339879,5.679999828338623,50,NO,NO
8761,4,2007,21233180,5.300000190734863,80,NO,NO
8761,4,2007,21725752,6.630000114440918,10,NO,SI
8761,4,2007,23105523,5.849999904632568,40,NO,NO
8757,4,2019,293469,5.380000114440918,100,NO,NO
8748,4,2019,3821100,6.849999904632568,10,SI,NO
13300,4,2019,15521340,6.050000190734863,80,NO,NO
8819,3,2020,3309535,4.929999828338623,100,NO,NO
8966,4,2019,17219967,6.650000095367432,20,NO,SI
9217,4,2018,2271600,6.599999904632568,30,NO,SI
8819,3,2019,3584692,4.880000114440918,90,NO,NO
8825,2,2018,9812694,5.53000020980835,40,NO,NO
8988,4,2018,9962879,5.880000114440918,80,NO,NO
25373,4,2018,12014235,6.300000190734863,10,SI,NO
8854,3,2018,19459539,5.230000019073486,70,NO,NO
8905,4,2018,22381707,5.400000095367432,80,NO,NO
8966,4,2018,14524706,5.949999809265137,80,NO,NO
25310,4,2018,19504403,6.230000019073486,40,NO,NO
8367,3,2018,9479667,5.900000095367432,20,NO,SI
25142,4,2018,13483786,6.599999904632568,10,SI,NO
9007,1,2018,14449049,5.730000019073486,20,NO,SI
24666,4,2017,17547987,6.480000019073486,10,NO,SI
25541,3,2017,22999151,5.5,60,NO,NO
9053,4,2017,439672,5.880000114440918,50,NO,NO
8757,4,2018,21400148,5.880000114440918,70,NO,NO
8950,4,2017,23266026,6.679999828338623,10,NO,SI
8846,3,2017,416355,6.099999904632568,30,NO,SI
9259,3,2016,12495455,6.050000190734863,30,NO,SI
25348,4,2016,15816337,6.800000190734863,10,NO,SI
8996,4,2016,18248155,5.949999809265137,80,NO,NO
31276,4,2016,23045463,5.650000095367432,60,NO,NO
8981,4,2016,10145568,6.449999809265137,20,NO,SI
9259,3,2015,12062725,6.329999923706055,20,NO,SI
8818,3,2016,21737173,6.079999923706055,20,NO,SI
8888,4,2016,2100684,5.980000019073486,50,NO,NO
9250,4,2014,10773286,6.78000020980835,10,NO,SI
1225,4,2014,23178579,6.75,10,NO,SI
8950,4,2014,14254689,4.980000019073486,100,NO,NO
26238,4,2014,22834017,6.429999828338623,20,NO,SI
26238,4,2013,2795052,6.599999904632568,10,NO,SI
8938,3,2014,7887764,5.300000190734863,40,NO,NO
9058,5,2013,9925065,5.679999828338623,20,NO,SI
24678,4,2013,20257837,5.449999809265137,60,NO,NO
24971,4,2013,23839220,5,100,NO,NO
8997,3,2013,13091299,5.03000020980835,60,NO,NO
8900,4,2013,18949655,5.300000190734863,100,NO,NO
9074,1,2013,19670438,5.579999923706055,30,NO,SI
9317,3,2012,21094148,6.329999923706055,20,NO,SI
8485,2,2012,5664457,6.5,10,NO,SI
8609,4,2012,12877177,5.980000019073486,30,NO,SI
8485,2,2012,15680465,6.579999923706055,10,NO,SI
8485,2,2012,16767924,6.400000095367432,20,NO,SI
8996,4,2012,20729090,6.380000114440918,20,NO,SI
9038,4,2011,16218668,4.579999923706055,100,NO,NO
25785,3,2011,11492078,6.349999904632568,10,NO,SI
8754,4,2012,17593618,4.730000019073486,100,NO,NO
9509,4,2012,18716076,5.900000095367432,40,NO,NO
24814,3,2011,19024081,5.130000114440918,90,NO,NO
25686,4,2011,22185485,5.5,40,NO,NO
9250,4,2010,1456415,6.03000020980835,40,NO,NO
9244,4,2010,5390127,5,90,NO,NO
8919,4,2011,3659902,5.230000019073486,90,NO,NO
9271,4,2010,10467609,6.050000190734863,70,NO,NO
8919,4,2010,3631191,5.25,90,NO,NO
9221,4,2009,4322337,6.130000114440918,20,NO,SI
1213,3,2009,20104243,6.230000019073486,10,NO,SI
8819,3,2009,2365288,5.900000095367432,20,NO,SI
25716,3,2011,4215895,5.050000190734863,70,NO,NO
24713,3,2009,5458920,5.28000020980835,80,NO,NO
9038,4,2009,21423378,5.099999904632568,90,NO,NO
25454,3,2008,2893101,5.079999923706055,90,NO,NO
12864,4,2008,9655037,6.199999809265137,40,NO,NO
8870,4,2008,10561351,5.599999904632568,70,NO,NO
8852,4,2008,12473563,5.400000095367432,60,NO,NO
25716,3,2008,15302480,5.199999809265137,70,NO,NO
24896,4,2008,17096137,4.78000020980835,70,NO,NO
25716,3,2008,17949619,5.380000114440918,60,NO,NO
11962,4,2008,18197134,6.380000114440918,30,NO,SI
24761,4,2008,19552387,5.380000114440918,30,NO,SI
8761,4,2006,633061,6.880000114440918,10,NO,SI
8761,4,2006,978949,5.25,90,NO,NO
8761,4,2006,1024478,6.079999923706055,30,NO,SI
8761,4,2006,1743142,6.699999809265137,10,NO,SI
8761,4,2006,4087684,6.329999923706055,20,NO,SI
8761,4,2006,5698790,5.900000095367432,50,NO,NO
8761,4,2006,6019494,5.179999828338623,100,NO,NO
8761,4,2006,6311996,6.579999923706055,10,NO,SI
8761,4,2006,7585977,5.880000114440918,50,NO,NO
8761,4,2006,9663124,5.579999923706055,80,NO,NO
8761,4,2006,11131022,5.300000190734863,90,NO,NO
8761,4,2006,11526911,5.599999904632568,70,NO,NO
8761,4,2006,12702037,4.980000019073486,100,NO,NO
8761,4,2006,13696940,6.050000190734863,40,NO,NO
8761,4,2006,13833223,5.5,80,NO,NO
8761,4,2006,15331454,6.800000190734863,10,NO,SI
8761,4,2006,16888031,6.5,10,NO,SI
8761,4,2006,17105161,5.329999923706055,90,NO,NO
8761,4,2006,17600486,5.28000020980835,90,NO,NO
8761,4,2006,18675098,6.079999923706055,30,NO,SI
8761,4,2006,19711092,5.230000019073486,90,NO,NO
8761,4,2006,19932932,5.599999904632568,70,NO,NO
8761,4,2006,20516002,5.28000020980835,90,NO,NO
8761,4,2006,22364318,5.679999828338623,70,NO,NO
8761,4,2006,23781491,5.650000095367432,70,NO,NO
8761,4,2006,24161173,5.199999809265137,100,NO,NO
8761,4,2006,3822,5.929999828338623,50,NO,NO
8761,4,2006,1549861,6.199999809265137,30,NO,SI
8761,4,2006,1758275,5.880000114440918,50,NO,NO
8761,4,2006,1809677,5.929999828338623,50,NO,NO
8761,4,2006,2099449,5.480000019073486,80,NO,NO
8761,4,2006,2415652,5.400000095367432,80,NO,NO
8761,4,2006,3728135,5.980000019073486,40,NO,NO
8761,4,2006,4672183,5.179999828338623,100,NO,NO
8761,4,2006,6291028,5.699999809265137,70,NO,NO
8761,4,2006,9593970,5.78000020980835,60,NO,NO
8761,4,2006,11942794,6.130000114440918,30,NO,SI
8761,4,2006,14023639,5.679999828338623,70,NO,NO
8761,4,2006,14293557,6.050000190734863,40,NO,NO
8761,4,2006,14676837,5.900000095367432,50,NO,NO
8761,4,2006,15799693,6.050000190734863,40,NO,NO
8761,4,2006,17227826,5.78000020980835,60,NO,NO
8761,4,2006,17428308,5.230000019073486,90,NO,NO
8761,4,2006,18534092,6.5,10,NO,SI
8761,4,2006,18991734,6.599999904632568,10,NO,SI
8761,4,2006,19292092,5.230000019073486,90,NO,NO
8761,4,2006,20818750,5.949999809265137,40,NO,NO
8761,4,2006,21259031,5.900000095367432,50,NO,NO
8761,4,2006,22707300,5.550000190734863,80,NO,NO
8761,4,2006,23486848,6.400000095367432,20,NO,SI
8761,4,2006,23547387,5.900000095367432,50,NO,NO
8761,4,2006,2316682,5.300000190734863,90,NO,NO
8761,4,2006,2495069,5.480000019073486,80,NO,NO
8761,4,2006,4385508,6.349999904632568,20,NO,SI
8761,4,2006,4622201,6.079999923706055,30,NO,SI
8761,4,2006,6329318,5.730000019073486,60,NO,NO
8761,4,2006,7099232,6.150000095367432,30,NO,SI
8761,4,2006,7634980,6.429999828338623,20,NO,SI
8761,4,2006,9334590,6.400000095367432,20,NO,SI
8761,4,2006,9430720,6.25,20,NO,SI
8761,4,2006,10794542,5.329999923706055,90,NO,NO
8761,4,2006,13768955,6.130000114440918,30,NO,SI
8761,4,2006,15573731,5.75,60,NO,NO
8761,4,2006,18781716,5.880000114440918,50,NO,NO
8761,4,2006,19053326,5.849999904632568,60,NO,NO
8761,4,2006,19237568,6.480000019073486,20,NO,SI
8761,4,2006,19544077,6.099999904632568,30,NO,SI
8761,4,2006,21089048,5.550000190734863,80,NO,NO
8761,4,2006,21588175,5.199999809265137,100,NO,NO
8761,4,2006,22843958,5.900000095367432,50,NO,NO
8761,4,2006,23136969,5.730000019073486,60,NO,NO
8761,4,2006,23273737,6.150000095367432,30,NO,SI
8761,4,2006,23945771,5.679999828338623,70,NO,NO
8761,4,2006,23972853,6.630000114440918,10,NO,SI
8761,4,2006,24728925,5.980000019073486,40,NO,NO
8863,4,2018,3984185,6.179999828338623,40,NO,NO
24494,4,2020,5848619,4.75,100,NO,NO
8966,4,2018,4619050,6.75,10,SI,NO
31421,3,2018,5271251,6,30,NO,SI
25402,3,2018,16829049,6.480000019073486,20,NO,SI
25202,4,2017,1332145,5.230000019073486,90,NO,NO
26046,4,2017,2722825,5.150000095367432,90,NO,NO
13361,3,2020,22239804,5.429999828338623,80,NO,NO
10715,3,2018,22984184,6.28000020980835,10,SI,NO
9042,4,2017,1284472,6.099999904632568,40,NO,NO
25373,4,2016,1416159,5.829999923706055,20,NO,SI
8846,3,2017,9460991,5.099999904632568,90,NO,NO
8996,4,2016,21562784,6.699999809265137,10,NO,SI
9053,4,2016,24671670,5.579999923706055,80,NO,NO
25541,3,2016,4386281,5.849999904632568,60,NO,NO
25686,4,2016,5067275,5.849999904632568,30,NO,SI
31387,4,2016,10510768,5.380000114440918,70,NO,NO
257,4,2016,14262449,6.079999923706055,40,NO,NO
9221,4,2017,16613608,5.829999923706055,50,NO,NO
8984,4,2016,18214827,5.650000095367432,80,NO,NO
8944,3,2016,18903445,4.949999809265137,100,NO,NO
26046,4,2015,14069165,5.650000095367432,60,NO,NO
25143,4,2015,14283576,5.630000114440918,80,NO,NO
9246,4,2015,150410,5.579999923706055,70,NO,NO
8611,3,2015,8893763,5.579999923706055,60,NO,NO
25402,3,2015,16031273,6.800000190734863,10,NO,SI
25369,3,2017,19048547,5.099999904632568,70,NO,NO
9246,4,2014,17873401,5.579999923706055,80,NO,NO
14912,3,2014,24556820,6.099999904632568,20,NO,SI
3739,5,2015,21341543,4.75,100,NO,NO
16470,4,2013,20507545,5.25,100,NO,NO
8870,4,2013,16099799,5.599999904632568,70,NO,NO
8888,4,2012,20398129,5.849999904632568,70,NO,NO
8996,4,2012,3756517,5.199999809265137,100,NO,NO
8925,1,2011,4737176,5.230000019073486,50,NO,NO
25348,4,2012,23450049,6.25,30,NO,SI
24884,4,2011,6918117,5.5,50,NO,NO
8996,4,2011,7433194,6.230000019073486,40,NO,NO
25348,4,2012,9666394,5.75,60,NO,NO
11871,4,2011,10506826,5.699999809265137,100,NO,NO
4798,4,2011,12670924,6.849999904632568,10,NO,SI
8491,2,2011,12887652,5.630000114440918,40,NO,NO
9051,4,2011,1664241,5.75,90,NO,NO
8996,4,2011,22036773,5.699999809265137,90,NO,NO
24814,3,2010,10852002,5.980000019073486,10,NO,SI
25161,3,2010,12995111,4.5,100,NO,NO
9053,4,2009,1584729,5.949999809265137,70,NO,NO
8754,4,2010,10424424,5.28000020980835,80,NO,NO
8876,4,2009,19356294,6.630000114440918,10,NO,SI
8997,3,2008,16518237,5,70,NO,NO
10489,3,2009,4263854,5.150000095367432,90,NO,NO
24494,4,2010,15899548,4.880000114440918,80,NO,NO
12086,4,2008,3411016,5.099999904632568,90,NO,NO
25369,3,2007,18707282,5.099999904632568,90,NO,NO
26092,3,2007,20533045,5.349999904632568,70,NO,NO
1792,4,2007,2658316,5.150000095367432,80,NO,NO
8825,2,2007,19960308,5.329999923706055,60,NO,NO
12086,4,2007,21309672,5.199999809265137,80,NO,NO
12086,4,2006,16429265,5.829999923706055,20,NO,SI
8828,1,2006,20705782,5.550000190734863,30,NO,SI
8761,4,2005,860925,5.900000095367432,40,NO,NO
8761,4,2005,1647349,6.28000020980835,10,NO,SI
8761,4,2005,1736331,5.130000114440918,100,NO,NO
8761,4,2005,2518617,5.78000020980835,50,NO,NO
8761,4,2005,2727936,5.449999809265137,80,NO,NO
8761,4,2005,4467199,5.400000095367432,80,NO,NO
8761,4,2005,5706477,5.800000190734863,50,NO,NO
8761,4,2005,7092019,6.150000095367432,20,NO,SI
8761,4,2005,8949548,5.980000019073486,30,NO,SI
8761,4,2005,8953281,6.25,20,NO,SI
8761,4,2005,10526017,5.980000019073486,30,NO,SI
8761,4,2005,10707873,5.5,70,NO,NO
8761,4,2005,11274748,5.25,90,NO,NO
8761,4,2005,11896918,6.099999904632568,30,NO,SI
8761,4,2005,12614047,6,30,NO,SI
8761,4,2005,13687037,6.699999809265137,10,NO,SI
8761,4,2005,14719576,5.75,50,NO,NO
8761,4,2005,15067954,5.579999923706055,60,NO,NO
8761,4,2005,17513435,5.829999923706055,50,NO,NO
8761,4,2005,18463979,5.25,90,NO,NO
8761,4,2005,18516940,5.53000020980835,70,NO,NO
8761,4,2005,19028494,5.449999809265137,80,NO,NO
8761,4,2005,19054316,6.099999904632568,30,NO,SI
8761,4,2005,20138771,6.130000114440918,20,NO,SI
8761,4,2005,20210771,4.980000019073486,100,NO,NO
8761,4,2005,20383078,6.349999904632568,10,NO,SI
8761,4,2005,20788050,5.550000190734863,60,NO,NO
8761,4,2005,21667150,6.28000020980835,10,NO,SI
8761,4,2005,23029058,5.78000020980835,50,NO,NO
8761,4,2005,23346159,6.179999828338623,20,NO,SI
8761,4,2005,24832616,5.75,50,NO,NO
8761,4,2005,1317120,5.449999809265137,80,NO,NO
8761,4,2005,2387329,5.550000190734863,60,NO,NO
8761,4,2005,2900735,5.849999904632568,40,NO,NO
8761,4,2005,3683495,5.550000190734863,60,NO,NO
8761,4,2005,4206438,5.230000019073486,90,NO,NO
8761,4,2005,4548073,5.949999809265137,40,NO,NO
8761,4,2005,4873394,5.550000190734863,60,NO,NO
8761,4,2005,10353306,6.050000190734863,30,NO,SI
8761,4,2005,10525137,5.699999809265137,60,NO,NO
8761,4,2005,11793715,6.730000019073486,10,NO,SI
8761,4,2005,12782941,5.800000190734863,50,NO,NO
8761,4,2005,13757147,6.179999828338623,20,NO,SI
8761,4,2005,14363858,5.050000190734863,100,NO,NO
8761,4,2005,14381335,6.349999904632568,10,NO,SI
8761,4,2005,14722683,5.849999904632568,40,NO,NO
8761,4,2005,15962508,5.579999923706055,60,NO,NO
8761,4,2005,15976046,5.480000019073486,70,NO,NO
8761,4,2005,16707614,6.25,20,NO,SI
8761,4,2005,17137888,6.329999923706055,10,NO,SI
8761,4,2005,17967493,6.300000190734863,10,NO,SI
8761,4,2005,18764280,5.53000020980835,70,NO,NO
8761,4,2005,19487632,5.300000190734863,90,NO,NO
8761,4,2005,19874266,5.400000095367432,80,NO,NO
8761,4,2005,20666641,5.630000114440918,60,NO,NO
8761,4,2005,21761379,5.550000190734863,60,NO,NO
8761,4,2005,22736845,5.929999828338623,40,NO,NO
8761,4,2005,23135570,6.099999904632568,30,NO,SI
8761,4,2005,24269689,5.050000190734863,100,NO,NO
8761,4,2005,24407706,5.449999809265137,80,NO,NO
8761,4,2005,1191724,6.230000019073486,20,NO,SI
8761,4,2005,1412934,5.380000114440918,90,NO,NO
8761,4,2005,2276051,5.449999809265137,80,NO,NO
8761,4,2005,3150811,6.25,20,NO,SI
8761,4,2005,3681803,5.199999809265137,90,NO,NO
8761,4,2005,5322941,5.980000019073486,30,NO,SI
8761,4,2005,6675865,5.199999809265137,90,NO,NO
8761,4,2005,7084381,5.03000020980835,100,NO,NO
8761,4,2005,7366707,5.28000020980835,90,NO,NO
8761,4,2005,7774414,5.949999809265137,40,NO,NO
8761,4,2005,7800050,6.03000020980835,30,NO,SI
8761,4,2005,8778415,5.429999828338623,80,NO,NO
8761,4,2005,9063058,5.130000114440918,100,NO,NO
8761,4,2005,10667287,5.980000019073486,30,NO,SI
8761,4,2005,10925193,6.349999904632568,10,NO,SI
8761,4,2005,14709996,5.800000190734863,50,NO,NO
8761,4,2005,15971234,5.25,90,NO,NO
8761,4,2005,16657440,6.130000114440918,20,NO,SI
8761,4,2005,16799458,5.550000190734863,60,NO,NO
8761,4,2005,17554063,5.480000019073486,70,NO,NO
8761,4,2005,17557272,5.900000095367432,40,NO,NO
8761,4,2005,18800603,5.099999904632568,100,NO,NO
8761,4,2005,19454273,5.949999809265137,40,NO,NO
8761,4,2005,19918033,5.630000114440918,60,NO,NO
8761,4,2005,20754375,5.829999923706055,50,NO,NO
8761,4,2005,20828452,5.050000190734863,100,NO,NO
8761,4,2005,21745568,5.230000019073486,90,NO,NO
8761,4,2005,23023905,5.630000114440918,60,NO,NO
8761,4,2005,24055062,5.550000190734863,60,NO,NO
8761,4,2005,24349801,5.880000114440918,40,NO,NO
1780,4,2018,24574406,4.980000019073486,100,NO,NO
20400,4,2016,19822296,5.679999828338623,80,NO,NO
14400,2,2016,1443200,4.849999904632568,90,NO,NO
14523,3,2016,2176622,5.079999923706055,100,NO,NO
9250,4,2014,7368404,5.53000020980835,80,NO,NO
26476,4,2014,439770,5.230000019073486,90,NO,NO
20048,3,2014,20433450,5.800000190734863,50,NO,NO
9250,4,2014,10700237,6.599999904632568,10,NO,SI
11871,4,2014,17894774,6.28000020980835,40,NO,NO
24988,4,2013,512487,5.480000019073486,90,NO,NO
9246,4,2013,447532,4.880000114440918,100,NO,NO
8854,3,2013,19449479,5.800000190734863,30,NO,SI
9250,4,2013,21376946,6.449999809265137,20,NO,SI
9100,1,2013,5011513,6.380000114440918,20,NO,SI
9250,4,2013,3735012,4.980000019073486,100,NO,NO
8609,4,2012,5104141,5.849999904632568,50,NO,NO
8854,3,2012,8822477,6.130000114440918,30,NO,SI
24826,4,2013,10129228,5.25,100,NO,NO
8981,4,2013,20405813,5.449999809265137,80,NO,NO
25310,4,2012,21656408,6.130000114440918,40,NO,NO
25686,4,2011,4260196,5.679999828338623,10,NO,SI
25717,3,2011,22195198,6.650000095367432,10,NO,SI
8870,4,2011,833947,6.099999904632568,30,NO,SI
8877,4,2010,1365613,6.5,20,NO,SI
8485,2,2010,7738438,5.480000019073486,90,NO,NO
25202,4,2010,9382210,5.449999809265137,70,NO,NO
8996,4,2010,11572506,6.199999809265137,40,NO,NO
25172,4,2010,13148657,6.130000114440918,40,NO,NO
8959,4,2011,14207825,4.949999809265137,100,NO,NO
8485,2,2010,3694305,6.150000095367432,30,NO,SI
8609,4,2010,10130620,6.880000114440918,10,NO,SI
25310,4,2010,12394907,6.650000095367432,20,NO,SI
1777,4,2010,17149426,6.099999904632568,50,NO,NO
8928,1,2010,22309390,5.400000095367432,80,NO,NO
24721,1,2009,21985807,5.429999828338623,50,NO,NO
24426,3,2009,1028879,5.380000114440918,30,NO,SI
24491,4,2009,10761594,5.800000190734863,40,NO,NO
24718,4,2009,3731165,6.5,10,NO,SI
8818,3,2009,5482904,6.380000114440918,10,NO,SI
1288,4,2009,21709489,5.849999904632568,90,NO,NO
9088,1,2008,615994,5.130000114440918,70,NO,NO
8748,4,2008,6955656,5.800000190734863,50,NO,NO
24666,4,2008,22203806,5.199999809265137,90,NO,NO
8748,4,2008,396670,5.949999809265137,50,NO,NO
8748,4,2008,2629332,6.050000190734863,40,NO,NO
13356,3,2008,6414101,5.230000019073486,90,NO,NO
25310,4,2008,14614971,6.679999828338623,10,NO,SI
24874,4,2008,2960222,5.400000095367432,80,NO,NO
12094,4,2007,6885133,5.630000114440918,60,NO,NO
24761,4,2008,21953236,4.900000095367432,80,NO,NO
13372,3,2007,3188570,5.75,70,NO,NO
9278,4,2009,11875448,5.050000190734863,100,NO,NO
9039,4,2007,15741109,5.579999923706055,90,NO,NO
24902,4,2007,19634076,5.480000019073486,60,NO,NO
8895,4,2008,23597376,5.679999828338623,20,NO,SI
9244,4,2007,9806611,4.980000019073486,100,NO,NO
8822,1,2008,14688865,5.150000095367432,70,NO,NO
12133,4,2007,19043043,5.730000019073486,90,NO,NO
9035,4,2007,19189774,5.199999809265137,80,NO,NO
9267,4,2007,22460561,5.880000114440918,60,NO,NO
24891,4,2006,7213889,5.300000190734863,50,NO,NO
9221,4,2006,8492962,5.449999809265137,80,NO,NO
24985,4,2007,13119292,5.630000114440918,60,NO,NO
8997,3,2007,20517750,5.050000190734863,70,NO,NO
8949,4,2007,22998436,5.449999809265137,70,NO,NO
8997,3,2007,23604589,4.78000020980835,90,NO,NO
573,3,2006,7510785,5.199999809265137,90,NO,NO
25758,3,2007,13491107,5.230000019073486,70,NO,NO
9159,3,2007,7263353,5.630000114440918,30,NO,SI
25166,3,2005,309259,5.949999809265137,20,NO,SI
8815,1,2005,9742604,5.150000095367432,90,NO,NO
24761,4,2006,9376888,5.449999809265137,40,NO,NO
8761,4,2004,15373542,5.079999923706055,80,NO,NO
8761,4,2004,16087094,5.630000114440918,40,NO,NO
8761,4,2004,17771847,5.829999923706055,30,NO,SI
8761,4,2004,24840134,5.349999904632568,60,NO,NO